,Item_Outlet_Sales,Item_Identifier,Outlet_Identifier
0,1513.3218,,
1,1372.427,,
2,550.52216,,
3,2591.1938,,
4,6423.263,,
5,1794.4669,,
6,515.83185,,
7,1715.8229,,
8,1318.7611,,
9,2866.2212,,
10,1768.9056,,
11,1654.3146,,
12,739.84247,,
13,2381.2617,,
14,657.93933,,
15,2619.131,,
16,4291.4253,,
17,3343.335,,
18,2740.5173,,
19,452.69562,,
20,3149.1768,,
21,3199.5117,,
22,795.3138,,
23,439.88065,,
24,2679.5845,,
25,122.8649,,
26,639.38275,,
27,2080.5618,,
28,3891.5344,,
29,1861.9254,,
30,-6.4291162,,
31,2662.3445,,
32,417.59875,,
33,4869.864,,
34,1896.7188,,
35,5240.3203,,
36,2288.066,,
37,346.9833,,
38,3826.9646,,
39,2041.1415,,
40,1445.9375,,
41,471.60568,,
42,2430.3005,,
43,1974.2816,,
44,591.6036,,
45,1762.0592,,
46,-37.316425,,
47,3409.278,,
48,4345.129,,
49,1898.8099,,
50,946.30804,,
51,1864.865,,
52,3260.802,,
53,1797.3146,,
54,5017.2305,,
55,2967.2437,,
56,3884.8347,,
57,882.49365,,
58,62.145695,,
59,1424.6034,,
60,2501.2612,,
61,3299.1501,,
62,3438.3484,,
63,1266.7067,,
64,2510.62,,
65,2286.1055,,
66,2430.7673,,
67,5415.3853,,
68,3785.2756,,
69,3624.4595,,
70,2950.5007,,
71,2561.798,,
72,1605.2589,,
73,5137.8003,,
74,2224.0972,,
75,2597.727,,
76,350.57764,,
77,2963.1355,,
78,773.54333,,
79,2501.5198,,
80,2688.0906,,
81,1343.2101,,
82,1755.6692,,
83,3447.757,,
84,2238.625,,
85,1322.9432,,
86,4427.672,,
87,3305.3208,,
88,842.527,,
89,928.1299,,
90,3050.969,,
91,5244.0024,,
92,2771.1519,,
93,1496.6725,,
94,1798.8547,,
95,730.7928,,
96,2320.4534,,
97,2327.426,,
98,3773.0278,,
99,984.0493,,
100,1892.4453,,
101,1523.6182,,
102,2766.6733,,
103,2174.6445,,
104,541.16724,,
105,6484.3457,,
106,778.2816,,
107,992.2682,,
108,1458.143,,
109,4087.6704,,
110,515.42926,,
111,3273.7654,,
112,115.70534,,
113,5994.8457,,
114,1498.641,,
115,2555.808,,
116,698.3413,,
117,1225.1998,,
118,1161.7115,,
119,1759.3562,,
120,4722.075,,
121,446.46893,,
122,1866.0898,,
123,2047.7069,,
124,4623.053,,
125,5104.8784,,
126,1836.9816,,
127,697.4602,,
128,1481.6238,,
129,1426.3021,,
130,2439.7637,,
131,1692.2609,,
132,1754.6248,,
133,98.341965,,
134,1248.4374,,
135,347.66046,,
136,188.7032,,
137,1162.8119,,
138,282.0235,,
139,2181.0974,,
140,-820.70154,,
141,690.56415,,
142,1931.7416,,
143,2480.5698,,
144,1606.6632,,
145,1708.0302,,
146,2388.9705,,
147,5340.8447,,
148,1551.0455,,
149,1528.1115,,
150,2096.0645,,
151,5230.6104,,
152,807.21344,,
153,5634.541,,
154,2465.0664,,
155,2025.4689,,
156,682.53845,,
157,1269.5717,,
158,1245.6249,,
159,1108.1501,,
160,1855.085,,
161,3101.5376,,
162,2787.4001,,
163,3343.1816,,
164,1194.6936,,
165,124.78937,,
166,2344.7722,,
167,2620.556,,
168,2958.2148,,
169,527.26996,,
170,3311.7063,,
171,2630.229,,
172,359.69006,,
173,71.09184,,
174,2106.869,,
175,1762.6271,,
176,3390.1235,,
177,5093.088,,
178,1072.1362,,
179,5539.9893,,
180,1760.4562,,
181,3625.9148,,
182,3043.5027,,
183,945.87775,,
184,-75.486984,,
185,1649.4508,,
186,3492.133,,
187,3036.2578,,
188,4026.915,,
189,2775.2676,,
190,1772.2819,,
191,2019.5244,,
192,2079.1995,,
193,499.31033,,
194,872.6697,,
195,3661.2642,,
196,589.5137,,
197,3165.0828,,
198,2732.3394,,
199,200.03539,,
200,3195.6343,,
201,2216.6223,,
202,3120.1462,,
203,2633.6108,,
204,2343.761,,
205,945.62115,,
206,5544.2773,,
207,2113.3635,,
208,3068.083,,
209,1751.3005,,
210,3234.0667,,
211,49.877254,,
212,3169.8408,,
213,1385.1304,,
214,5037.4565,,
215,1968.6067,,
216,339.47116,,
217,6830.3125,,
218,2374.5042,,
219,3693.0906,,
220,645.99615,,
221,2638.1206,,
222,3587.2925,,
223,3261.505,,
224,1897.4304,,
225,1254.1373,,
226,3695.6606,,
227,2525.184,,
228,357.5497,,
229,1573.3488,,
230,4554.414,,
231,581.13824,,
232,1564.9806,,
233,1586.5261,,
234,1227.43,,
235,2084.5007,,
236,2575.9216,,
237,2039.0831,,
238,250.67947,,
239,3967.4287,,
240,199.5819,,
241,4641.6226,,
242,139.7269,,
243,1403.6498,,
244,87.58668,,
245,1878.9446,,
246,750.271,,
247,599.8176,,
248,166.80956,,
249,3611.1672,,
250,4067.1748,,
251,427.8671,,
252,247.17024,,
253,1746.6669,,
254,5975.5986,,
255,1639.0906,,
256,5651.692,,
257,4132.2827,,
258,1354.0912,,
259,985.63385,,
260,4080.943,,
261,1831.4655,,
262,2784.767,,
263,3644.4656,,
264,3597.0664,,
265,3490.9214,,
266,2490.79,,
267,3287.092,,
268,2343.2544,,
269,3714.601,,
270,4481.447,,
271,1359.3806,,
272,4045.731,,
273,1923.5302,,
274,501.82034,,
275,952.63416,,
276,1924.5896,,
277,950.0697,,
278,1769.2365,,
279,1741.8628,,
280,2322.4014,,
281,2068.5583,,
282,2421.6218,,
283,2576.7852,,
284,6169.6875,,
285,4792.795,,
286,227.56554,,
287,1681.3953,,
288,507.96176,,
289,917.7659,,
290,728.4172,,
291,2574.6128,,
292,1580.2957,,
293,2233.5474,,
294,3814.6873,,
295,2785.3652,,
296,1931.9993,,
297,2306.8533,,
298,138.46098,,
299,536.72003,,
300,135.31195,,
301,3114.854,,
302,2985.5232,,
303,1753.0444,,
304,1489.5055,,
305,1991.4269,,
306,4747.1855,,
307,1625.0432,,
308,2689.4592,,
309,4354.779,,
310,1504.6147,,
311,3382.2205,,
312,2033.9064,,
313,2724.8965,,
314,1807.6267,,
315,835.2988,,
316,3578.4531,,
317,3352.447,,
318,4193.592,,
319,1707.356,,
320,1569.9264,,
321,1595.6167,,
322,2643.303,,
323,2615.0757,,
324,2743.7842,,
325,3427.1643,,
326,189.10687,,
327,2302.857,,
328,947.73254,,
329,298.33524,,
330,430.84067,,
331,3118.9468,,
332,4108.41,,
333,147.68169,,
334,1615.5162,,
335,1733.934,,
336,1094.6647,,
337,1127.259,,
338,3510.5369,,
339,3343.6428,,
340,2199.4043,,
341,489.29407,,
342,2755.262,,
343,3803.972,,
344,1701.6603,,
345,2546.5276,,
346,2787.0593,,
347,5217.0396,,
348,2265.84,,
349,1667.9674,,
350,3005.889,,
351,806.23663,,
352,252.42342,,
353,577.6602,,
354,4205.6255,,
355,4049.126,,
356,2289.9907,,
357,1157.7095,,
358,2307.0479,,
359,2980.7954,,
360,430.07043,,
361,2124.9487,,
362,1501.2888,,
363,797.5275,,
364,444.62595,,
365,1947.64,,
366,1682.4015,,
367,1609.5887,,
368,2204.961,,
369,2934.1843,,
370,4458.047,,
371,304.5142,,
372,439.8044,,
373,4164.7524,,
374,5640.3438,,
375,1651.7136,,
376,3580.2764,,
377,837.96497,,
378,3180.9153,,
379,4354.43,,
380,1540.8245,,
381,3895.6716,,
382,1459.386,,
383,36.355183,,
384,1634.1879,,
385,346.45865,,
386,296.39694,,
387,3049.3716,,
388,2001.3092,,
389,1794.0927,,
390,3305.31,,
391,4379.656,,
392,1997.1675,,
393,116.22835,,
394,1900.2316,,
395,2701.5361,,
396,1407.9314,,
397,2342.7327,,
398,2914.8818,,
399,1126.3329,,
400,2228.5222,,
401,801.73706,,
402,2944.279,,
403,298.16113,,
404,2610.2705,,
405,2828.2588,,
406,807.7586,,
407,3545.5881,,
408,1364.5237,,
409,17.909004,,
410,3091.7822,,
411,2234.9424,,
412,800.59283,,
413,2525.736,,
414,1768.0358,,
415,227.41743,,
416,3724.027,,
417,724.6234,,
418,442.541,,
419,5519.087,,
420,1675.6748,,
421,1276.6583,,
422,1218.7506,,
423,1953.6343,,
424,1822.4186,,
425,2707.962,,
426,4379.7905,,
427,1222.0183,,
428,4630.15,,
429,919.9921,,
430,1293.597,,
431,3093.3494,,
432,1141.5625,,
433,1817.0076,,
434,2506.6123,,
435,4046.0837,,
436,42.47519,,
437,1601.6412,,
438,3185.414,,
439,2042.4104,,
440,1936.6934,,
441,2791.3535,,
442,775.6395,,
443,1468.4146,,
444,2941.4,,
445,2413.754,,
446,3011.3381,,
447,3809.0076,,
448,5356.783,,
449,2514.832,,
450,420.6907,,
451,632.303,,
452,2734.1287,,
453,1883.3636,,
454,2947.3906,,
455,1422.69,,
456,1427.0126,,
457,1414.7844,,
458,3523.3762,,
459,1911.1682,,
460,1891.292,,
461,1243.6561,,
462,980.6292,,
463,2527.1184,,
464,4636.9043,,
465,364.5424,,
466,1318.122,,
467,571.84753,,
468,4416.6636,,
469,1679.4142,,
470,4807.837,,
471,1625.2343,,
472,2442.1797,,
473,123.70061,,
474,67.90392,,
475,942.1547,,
476,2691.0518,,
477,3002.449,,
478,402.0765,,
479,610.3127,,
480,3930.2017,,
481,1162.3998,,
482,2724.2014,,
483,4587.0312,,
484,3420.6453,,
485,2521.2175,,
486,3384.1267,,
487,2490.4048,,
488,2561.9817,,
489,1878.5873,,
490,2836.346,,
491,3317.0613,,
492,2369.7974,,
493,1111.1013,,
494,577.4324,,
495,3268.8896,,
496,1745.7075,,
497,3660.5647,,
498,3615.441,,
499,2958.6409,,
500,2188.0498,,
501,540.44366,,
502,1422.3667,,
503,4036.4495,,
504,766.03644,,
505,3042.5225,,
506,241.7969,,
507,1812.0548,,
508,3421.6428,,
509,3553.388,,
510,3083.841,,
511,4830.4473,,
512,128.0056,,
513,1704.2999,,
514,1741.7081,,
515,2119.5977,,
516,244.15701,,
517,4336.412,,
518,2135.0142,,
519,1026.6564,,
520,1952.514,,
521,373.75906,,
522,826.0534,,
523,2246.017,,
524,4214.51,,
525,5620.96,,
526,2830.3438,,
527,1804.3038,,
528,421.47903,,
529,3391.67,,
530,1517.9429,,
531,3255.9392,,
532,1143.8612,,
533,2105.581,,
534,1011.82556,,
535,2955.361,,
536,2093.0227,,
537,6540.2466,,
538,2595.0078,,
539,4791.5527,,
540,3662.3398,,
541,526.5015,,
542,1589.8467,,
543,283.20825,,
544,2715.8652,,
545,7003.505,,
546,2122.428,,
547,345.28558,,
548,3966.1042,,
549,3702.427,,
550,876.60065,,
551,1708.9321,,
552,302.19,,
553,3393.8179,,
554,1453.2074,,
555,1252.7993,,
556,3288.9844,,
557,259.13742,,
558,2724.1575,,
559,3062.06,,
560,2832.9834,,
561,902.9814,,
562,2216.4294,,
563,2368.4648,,
564,4146.2065,,
565,3352.5095,,
566,4299.3374,,
567,2612.44,,
568,2103.3477,,
569,2669.688,,
570,1341.601,,
571,2510.989,,
572,1611.5442,,
573,2195.8164,,
574,2597.2502,,
575,112.381836,,
576,293.6505,,
577,797.5603,,
578,175.6175,,
579,2188.9382,,
580,3107.9038,,
581,445.2366,,
582,4153.1807,,
583,2744.4346,,
584,1763.0732,,
585,3399.494,,
586,4557.5225,,
587,755.6621,,
588,3283.9443,,
589,2592.6519,,
590,4096.724,,
591,1283.8585,,
592,1964.2228,,
593,3472.3584,,
594,3687.516,,
595,770.6575,,
596,2663.3687,,
597,1942.7028,,
598,2579.4941,,
599,2342.8071,,
600,3358.0977,,
601,2999.4465,,
602,2280.8884,,
603,2007.3165,,
604,2369.637,,
605,5432.486,,
606,2094.4597,,
607,1878.6837,,
608,748.6425,,
609,739.7735,,
610,349.0092,,
611,1803.3508,,
612,2615.108,,
613,4011.2324,,
614,2405.9968,,
615,416.00656,,
616,1409.6158,,
617,990.7734,,
618,1048.0269,,
619,263.9544,,
620,251.28687,,
621,203.3426,,
622,1679.2996,,
623,2463.2336,,
624,2874.629,,
625,2417.026,,
626,464.9478,,
627,3007.031,,
628,1387.7823,,
629,1065.5852,,
630,1882.5923,,
631,1999.209,,
632,1733.4634,,
633,1118.1398,,
634,1427.2642,,
635,268.0012,,
636,2091.1348,,
637,965.9143,,
638,1265.1952,,
639,3242.47,,
640,585.09485,,
641,1884.7893,,
642,5154.1934,,
643,3126.521,,
644,2261.6528,,
645,2267.4492,,
646,2163.0366,,
647,2295.1025,,
648,1527.1333,,
649,322.88455,,
650,1837.0228,,
651,3491.661,,
652,1654.7142,,
653,2596.275,,
654,3102.8267,,
655,3545.7812,,
656,916.0672,,
657,130.1275,,
658,4897.6333,,
659,4669.0283,,
660,3223.7976,,
661,3667.7695,,
662,2982.3533,,
663,3852.7847,,
664,527.6768,,
665,1715.1793,,
666,2997.207,,
667,1813.7891,,
668,2545.5166,,
669,3278.1582,,
670,476.91507,,
671,3324.8867,,
672,5017.2764,,
673,2321.2725,,
674,116.45594,,
675,1307.9261,,
676,2092.033,,
677,268.76202,,
678,2169.7805,,
679,2761.6118,,
680,1525.1648,,
681,6585.0034,,
682,1804.5007,,
683,393.8267,,
684,2020.1426,,
685,3336.9915,,
686,1973.6975,,
687,3247.875,,
688,3828.3303,,
689,109.97026,,
690,5785.2163,,
691,1548.6437,,
692,1767.4594,,
693,2592.6086,,
694,453.7381,,
695,1737.6945,,
696,5242.199,,
697,633.30914,,
698,2707.835,,
699,2587.3525,,
700,5636.1865,,
701,2180.6118,,
702,1744.3567,,
703,848.44,,
704,1564.7336,,
705,3021.419,,
706,395.80936,,
707,4472.7397,,
708,3523.386,,
709,3504.246,,
710,2592.457,,
711,2568.0518,,
712,3557.562,,
713,734.81934,,
714,1438.792,,
715,2704.1833,,
716,2405.2104,,
717,252.7016,,
718,3098.3306,,
719,612.9875,,
720,1451.2324,,
721,-172.49303,,
722,469.5289,,
723,2366.9543,,
724,2507.716,,
725,2624.6553,,
726,970.0022,,
727,1485.9365,,
728,5823.831,,
729,2942.9324,,
730,1610.6761,,
731,2062.4895,,
732,3383.461,,
733,340.16833,,
734,2279.0898,,
735,2151.5144,,
736,3033.8066,,
737,746.99274,,
738,4522.8257,,
739,1718.7277,,
740,1930.649,,
741,1706.9182,,
742,4024.3018,,
743,2826.6167,,
744,3917.0579,,
745,2166.7751,,
746,3023.4658,,
747,3088.712,,
748,5182.747,,
749,705.9267,,
750,5684.1743,,
751,3137.3813,,
752,2512.9487,,
753,951.8907,,
754,2116.1306,,
755,2780.7324,,
756,2002.9706,,
757,1693.0956,,
758,2031.7515,,
759,1472.3519,,
760,4816.4253,,
761,1741.6569,,
762,3326.51,,
763,1419.6213,,
764,2548.7234,,
765,2154.2212,,
766,5064.698,,
767,2002.1779,,
768,1896.3466,,
769,3053.9626,,
770,1257.8741,,
771,3273.4216,,
772,2464.9766,,
773,105.773575,,
774,432.24854,,
775,3002.4023,,
776,2906.2234,,
777,2488.26,,
778,2004.8684,,
779,3405.5742,,
780,1294.3688,,
781,1769.6185,,
782,1228.1908,,
783,661.634,,
784,2727.6548,,
785,46.299194,,
786,1501.2095,,
787,2788.1982,,
788,414.09158,,
789,1727.3926,,
790,1871.1947,,
791,2285.8806,,
792,445.38535,,
793,4378.163,,
794,1771.9911,,
795,1135.1334,,
796,4065.4285,,
797,1001.4766,,
798,2368.383,,
799,708.48785,,
800,1353.5387,,
801,3462.3704,,
802,2485.1804,,
803,262.30615,,
804,1392.5936,,
805,3438.1804,,
806,2567.605,,
807,3324.8298,,
808,3148.288,,
809,2225.904,,
810,2033.7517,,
811,2404.6624,,
812,1489.5531,,
813,1462.3068,,
814,2295.5,,
815,1734.0381,,
816,2793.9478,,
817,3137.7593,,
818,2422.9844,,
819,3799.0005,,
820,77.67949,,
821,4759.202,,
822,590.92065,,
823,1693.6177,,
824,438.61105,,
825,1559.4514,,
826,1648.5211,,
827,3261.8787,,
828,513.10297,,
829,781.6582,,
830,1029.7288,,
831,118.9385,,
832,3254.2012,,
833,1582.5444,,
834,1954.342,,
835,2486.3083,,
836,2895.8823,,
837,2650.9268,,
838,2579.167,,
839,864.71484,,
840,3963.28,,
841,519.8361,,
842,313.03983,,
843,775.8083,,
844,2650.157,,
845,263.84848,,
846,1573.2313,,
847,748.6576,,
848,1596.6003,,
849,2648.9812,,
850,3425.2454,,
851,3760.9568,,
852,5250.7144,,
853,1712.2633,,
854,784.982,,
855,3432.2646,,
856,1387.5431,,
857,3796.725,,
858,484.90588,,
859,3611.0122,,
860,2160.9004,,
861,5044.2773,,
862,2085.4795,,
863,1662.8374,,
864,1892.4897,,
865,136.79027,,
866,6962.247,,
867,2375.8389,,
868,2278.516,,
869,4799.9785,,
870,2078.6377,,
871,391.57874,,
872,977.73236,,
873,2959.76,,
874,2137.2268,,
875,145.47655,,
876,1388.9921,,
877,1364.3495,,
878,646.24225,,
879,565.1967,,
880,2505.3103,,
881,5603.72,,
882,3395.7358,,
883,1156.7461,,
884,5053.0947,,
885,3212.4817,,
886,2790.5908,,
887,-310.01352,,
888,366.72064,,
889,2969.3557,,
890,890.38477,,
891,2088.546,,
892,1588.7598,,
893,3043.5054,,
894,1396.7108,,
895,4129.9624,,
896,3783.6912,,
897,1856.4563,,
898,1257.9381,,
899,1605.6527,,
900,824.5742,,
901,1911.1913,,
902,2063.0703,,
903,343.64706,,
904,3105.203,,
905,2117.6218,,
906,2126.7766,,
907,1364.1854,,
908,2960.1365,,
909,653.95044,,
910,2788.553,,
911,56.70995,,
912,3123.166,,
913,2096.1624,,
914,2013.5607,,
915,3247.9263,,
916,1198.9314,,
917,2209.5981,,
918,6724.741,,
919,1243.4698,,
920,2809.939,,
921,1784.5623,,
922,3027.3115,,
923,1995.3052,,
924,766.1165,,
925,1672.6521,,
926,2147.425,,
927,3910.1853,,
928,2122.0107,,
929,1974.4125,,
930,256.8827,,
931,5229.295,,
932,3703.5217,,
933,2640.8755,,
934,4643.3047,,
935,1842.4194,,
936,-1.5791018,,
937,1902.1438,,
938,256.8004,,
939,5823.3594,,
940,5588.875,,
941,2278.9717,,
942,2682.6277,,
943,166.17722,,
944,1136.6381,,
945,290.20795,,
946,599.5275,,
947,666.0127,,
948,2526.968,,
949,949.9904,,
950,2379.6892,,
951,4063.4321,,
952,1150.4923,,
953,1737.0939,,
954,998.6247,,
955,1455.7988,,
956,1279.957,,
957,3039.7698,,
958,910.149,,
959,2651.8853,,
960,2094.903,,
961,4072.4954,,
962,2406.0625,,
963,658.2865,,
964,1386.5016,,
965,1805.6932,,
966,1942.2408,,
967,3883.5198,,
968,3331.4377,,
969,281.2832,,
970,5680.5864,,
971,2073.6875,,
972,4975.8784,,
973,2826.703,,
974,464.76334,,
975,2968.2249,,
976,689.794,,
977,2037.6753,,
978,3070.4846,,
979,1669.5392,,
980,2085.5098,,
981,1162.5189,,
982,2446.4543,,
983,4162.89,,
984,3473.4268,,
985,1694.3884,,
986,3483.1677,,
987,722.3893,,
988,1054.7443,,
989,3612.1587,,
990,1731.6106,,
991,998.49835,,
992,3411.1167,,
993,3635.567,,
994,7972.2803,,
995,3495.3691,,
996,2114.7139,,
997,1646.1652,,
998,2302.4321,,
999,1074.735,,
1000,3121.6038,,
1001,2541.04,,
1002,3313.0884,,
1003,4594.7856,,
1004,1715.5409,,
1005,1922.7524,,
1006,3542.1995,,
1007,1760.9413,,
1008,2807.0562,,
1009,4531.5513,,
1010,1997.557,,
1011,192.66893,,
1012,1783.8258,,
1013,1320.9121,,
1014,1227.1508,,
1015,1915.967,,
1016,1301.8229,,
1017,3072.864,,
1018,2427.634,,
1019,2749.2017,,
1020,6156.702,,
1021,2008.6235,,
1022,3192.6467,,
1023,277.3802,,
1024,459.69806,,
1025,831.38007,,
1026,4872.3643,,
1027,3027.86,,
1028,2714.0947,,
1029,3340.6316,,
1030,1000.80615,,
1031,1885.8488,,
1032,3865.8953,,
1033,1249.8346,,
1034,1192.4706,,
1035,4674.322,,
1036,5056.6733,,
1037,1641.6156,,
1038,5641.35,,
1039,1957.8232,,
1040,3261.4119,,
1041,2656.2905,,
1042,849.2372,,
1043,5935.4194,,
1044,2558.0913,,
1045,2262.6262,,
1046,343.05988,,
1047,1024.4689,,
1048,2471.1028,,
1049,2496.0618,,
1050,1060.7103,,
1051,2218.495,,
1052,730.7155,,
1053,4893.8687,,
1054,1302.4137,,
1055,2835.454,,
1056,2575.073,,
1057,2349.0603,,
1058,2786.1592,,
1059,1923.4343,,
1060,1682.9575,,
1061,2308.5596,,
1062,2210.6584,,
1063,662.17346,,
1064,115.60684,,
1065,6856.0024,,
1066,596.27014,,
1067,3886.7305,,
1068,5793.3545,,
1069,128.74792,,
1070,54.08387,,
1071,1898.5667,,
1072,1274.4186,,
1073,1348.2386,,
1074,4929.8037,,
1075,4625.521,,
1076,745.25916,,
1077,1961.4402,,
1078,1735.5427,,
1079,1112.3899,,
1080,2145.711,,
1081,1516.7009,,
1082,581.94867,,
1083,3542.5908,,
1084,994.8688,,
1085,1263.6277,,
1086,1604.9722,,
1087,1519.8196,,
1088,2827.2124,,
1089,1168.3181,,
1090,4254.0415,,
1091,1406.8043,,
1092,4340.5513,,
1093,3135.6262,,
1094,540.2099,,
1095,2506.3403,,
1096,900.42834,,
1097,1106.474,,
1098,4647.295,,
1099,1448.4767,,
1100,2053.511,,
1101,1679.0898,,
1102,1241.0667,,
1103,596.836,,
1104,702.7782,,
1105,1872.7871,,
1106,1356.863,,
1107,2858.5269,,
1108,186.99077,,
1109,3315.2932,,
1110,1722.8787,,
1111,2898.7312,,
1112,604.83777,,
1113,3130.1755,,
1114,1693.9625,,
1115,2921.433,,
1116,2201.2922,,
1117,1738.9026,,
1118,3478.7878,,
1119,4112.992,,
1120,4202.1963,,
1121,3856.3745,,
1122,4320.763,,
1123,3847.7932,,
1124,3216.0203,,
1125,2771.1519,,
1126,358.4979,,
1127,813.02814,,
1128,1701.0087,,
1129,1813.0894,,
1130,4892.239,,
1131,1155.9612,,
1132,1489.2659,,
1133,4553.8545,,
1134,601.6209,,
1135,2003.054,,
1136,1993.6592,,
1137,5450.1245,,
1138,1016.87854,,
1139,3207.1826,,
1140,1696.1,,
1141,1689.9177,,
1142,633.564,,
1143,2268.855,,
1144,2140.7256,,
1145,115.14327,,
1146,2233.02,,
1147,394.14047,,
1148,1410.8588,,
1149,523.333,,
1150,3329.8616,,
1151,622.14124,,
1152,4107.541,,
1153,613.0637,,
1154,3347.5642,,
1155,2529.0168,,
1156,4939.467,,
1157,3061.142,,
1158,1402.6143,,
1159,2197.8042,,
1160,899.0116,,
1161,4734.478,,
1162,4077.51,,
1163,1943.906,,
1164,483.93066,,
1165,2672.1345,,
1166,3596.8625,,
1167,1561.3436,,
1168,1945.4224,,
1169,1881.6909,,
1170,2385.6824,,
1171,4742.207,,
1172,2882.2578,,
1173,1920.4438,,
1174,1254.5991,,
1175,2441.4197,,
1176,995.9793,,
1177,691.8713,,
1178,2865.3264,,
1179,3341.401,,
1180,2094.6572,,
1181,2129.0317,,
1182,2591.3157,,
1183,3215.61,,
1184,3009.8188,,
1185,748.0059,,
1186,2271.5046,,
1187,2234.3064,,
1188,3123.462,,
1189,1216.8206,,
1190,1254.2188,,
1191,734.5812,,
1192,3523.2593,,
1193,3153.4448,,
1194,6611.1294,,
1195,337.44736,,
1196,193.1999,,
1197,725.0851,,
1198,838.12024,,
1199,1800.0867,,
1200,1936.0374,,
1201,2318.682,,
1202,2641.6077,,
1203,2341.6675,,
1204,850.0193,,
1205,1625.0128,,
1206,2448.3662,,
1207,4110.286,,
1208,945.31464,,
1209,1476.2954,,
1210,3392.6277,,
1211,2750.603,,
1212,704.57874,,
1213,2193.8643,,
1214,2511.3784,,
1215,1238.8295,,
1216,2926.7717,,
1217,1051.7693,,
1218,1884.9786,,
1219,1771.1346,,
1220,1207.2579,,
1221,5187.479,,
1222,2425.8613,,
1223,1478.9684,,
1224,547.6,,
1225,3007.4573,,
1226,2047.7152,,
1227,1616.5227,,
1228,1532.8191,,
1229,757.34216,,
1230,690.23346,,
1231,1591.1837,,
1232,3475.1162,,
1233,296.36902,,
1234,547.6417,,
1235,2663.0815,,
1236,2565.7473,,
1237,2509.6145,,
1238,1003.55206,,
1239,3643.034,,
1240,2584.1914,,
1241,3468.4912,,
1242,3031.7517,,
1243,3182.019,,
1244,4116.8066,,
1245,2440.2837,,
1246,2443.777,,
1247,903.5631,,
1248,4821.2344,,
1249,2564.5632,,
1250,235.85461,,
1251,3310.8267,,
1252,1621.0455,,
1253,1340.6692,,
1254,1796.8953,,
1255,4319.2188,,
1256,-56.985504,,
1257,1811.2057,,
1258,5342.2104,,
1259,63.78089,,
1260,2974.1704,,
1261,3076.8464,,
1262,2849.0195,,
1263,1195.8805,,
1264,535.05206,,
1265,1934.3522,,
1266,3529.496,,
1267,2119.3582,,
1268,5906.059,,
1269,754.67896,,
1270,270.9169,,
1271,1783.1848,,
1272,1083.6088,,
1273,683.1996,,
1274,3005.4954,,
1275,5773.478,,
1276,3343.823,,
1277,3269.6611,,
1278,2045.7423,,
1279,1028.5957,,
1280,1994.4102,,
1281,3032.9353,,
1282,3970.8389,,
1283,507.99942,,
1284,5599.219,,
1285,839.44,,
1286,3341.3855,,
1287,26.458117,,
1288,1007.67737,,
1289,1428.6483,,
1290,3394.8806,,
1291,1971.2384,,
1292,1771.9784,,
1293,2531.6326,,
1294,110.631676,,
1295,1368.037,,
1296,2136.9167,,
1297,1309.6699,,
1298,328.17728,,
1299,2637.8418,,
1300,884.0219,,
1301,569.94855,,
1302,3829.3003,,
1303,1491.6199,,
1304,1253.1118,,
1305,591.24536,,
1306,766.1375,,
1307,738.4465,,
1308,5757.7563,,
1309,1997.4188,,
1310,664.23114,,
1311,4937.2095,,
1312,2763.664,,
1313,297.20874,,
1314,3566.4233,,
1315,3948.341,,
1316,1315.6196,,
1317,775.16034,,
1318,3199.786,,
1319,2445.3213,,
1320,2901.2139,,
1321,1338.1604,,
1322,1468.5499,,
1323,4752.2715,,
1324,3184.7395,,
1325,3303.4675,,
1326,684.72174,,
1327,3336.8425,,
1328,3620.9524,,
1329,233.0857,,
1330,4065.709,,
1331,2531.1028,,
1332,261.17386,,
1333,5061.9854,,
1334,1616.0408,,
1335,604.69183,,
1336,1832.0796,,
1337,3030.5508,,
1338,2791.8508,,
1339,315.68082,,
1340,303.18542,,
1341,1613.072,,
1342,420.4114,,
1343,2046.7634,,
1344,2356.4543,,
1345,-200.95706,,
1346,1839.8536,,
1347,2668.6814,,
1348,1033.6195,,
1349,2243.7236,,
1350,6590.5557,,
1351,3042.884,,
1352,2807.993,,
1353,1159.1494,,
1354,1115.0406,,
1355,3002.5469,,
1356,1214.3252,,
1357,2596.1257,,
1358,3848.166,,
1359,2419.0479,,
1360,5761.3164,,
1361,768.74817,,
1362,858.17737,,
1363,288.06137,,
1364,2489.6372,,
1365,2142.458,,
1366,3544.362,,
1367,4971.1895,,
1368,551.9144,,
1369,1662.5471,,
1370,3087.4917,,
1371,3030.4001,,
1372,2362.339,,
1373,2528.7783,,
1374,4498.478,,
1375,5382.2905,,
1376,739.0368,,
1377,571.50977,,
1378,2202.2966,,
1379,2148.437,,
1380,1117.9928,,
1381,3547.1257,,
1382,1845.3707,,
1383,4017.5713,,
1384,3748.3735,,
1385,185.31386,,
1386,1312.2682,,
1387,2503.706,,
1388,5014.2886,,
1389,2471.9475,,
1390,2988.7383,,
1391,656.7335,,
1392,2876.496,,
1393,2635.2383,,
1394,623.11957,,
1395,1850.5323,,
1396,4162.5815,,
1397,2450.071,,
1398,1792.2418,,
1399,430.12097,,
1400,306.72165,,
1401,145.81927,,
1402,1783.8303,,
1403,2195.751,,
1404,1735.748,,
1405,2339.5562,,
1406,2207.4966,,
1407,2495.4407,,
1408,1007.69366,,
1409,1600.7509,,
1410,6946.4004,,
1411,385.57257,,
1412,2124.363,,
1413,2864.8088,,
1414,1934.4291,,
1415,4317.7144,,
1416,2761.5103,,
1417,1532.3494,,
1418,634.15894,,
1419,3826.7432,,
1420,2718.623,,
1421,1135.4084,,
1422,3756.8079,,
1423,1488.7949,,
1424,1975.6776,,
1425,1341.9752,,
1426,2614.91,,
1427,759.7907,,
1428,2520.2498,,
1429,643.37286,,
1430,1839.0771,,
1431,2474.9038,,
1432,891.7132,,
1433,892.0311,,
1434,3403.9514,,
1435,307.87857,,
1436,4199.2007,,
1437,4132.2827,,
1438,771.3929,,
1439,1513.8882,,
1440,1515.2823,,
1441,1840.8599,,
1442,1391.9144,,
1443,2595.1377,,
1444,3752.1892,,
1445,478.54382,,
1446,2650.3445,,
1447,4728.243,,
1448,2034.7292,,
1449,3339.6567,,
1450,2263.829,,
1451,4178.078,,
1452,878.43384,,
1453,9805.219,,
1454,2519.673,,
1455,189.62988,,
1456,1855.3674,,
1457,3772.2434,,
1458,915.3006,,
1459,1495.6,,
1460,3479.893,,
1461,2919.4346,,
1462,2486.299,,
1463,2715.4927,,
1464,735.03033,,
1465,3456.8723,,
1466,3030.063,,
1467,-270.41122,,
1468,1884.836,,
1469,1027.5137,,
1470,2740.1926,,
1471,1633.4525,,
1472,4503.752,,
1473,4693.96,,
1474,6281.883,,
1475,2088.3533,,
1476,1496.8984,,
1477,2449.0771,,
1478,3750.4385,,
1479,6849.209,,
1480,4123.3193,,
1481,1443.7142,,
1482,2799.9373,,
1483,4573.5005,,
1484,1689.5858,,
1485,1094.082,,
1486,4074.1206,,
1487,199.68114,,
1488,2535.3933,,
1489,1638.271,,
1490,3672.964,,
1491,3221.759,,
1492,867.61346,,
1493,557.5724,,
1494,160.50458,,
1495,3011.4978,,
1496,866.78046,,
1497,765.00793,,
1498,3277.632,,
1499,2289.9822,,
1500,345.1181,,
1501,1554.3606,,
1502,1154.5234,,
1503,5806.9834,,
1504,1971.2533,,
1505,195.05974,,
1506,3264.7366,,
1507,1747.3704,,
1508,2683.3564,,
1509,3670.316,,
1510,287.43713,,
1511,1520.6334,,
1512,3178.1707,,
1513,842.10596,,
1514,2276.0596,,
1515,2255.7898,,
1516,72.33133,,
1517,218.05185,,
1518,26.690952,,
1519,1562.5558,,
1520,1628.3625,,
1521,522.8547,,
1522,2360.776,,
1523,3024.27,,
1524,2962.8542,,
1525,305.12003,,
1526,1123.207,,
1527,1710.6055,,
1528,771.4319,,
1529,2005.6115,,
1530,500.55835,,
1531,1011.6923,,
1532,3129.141,,
1533,383.3484,,
1534,3673.1453,,
1535,2058.6716,,
1536,2582.5957,,
1537,1666.3887,,
1538,1930.3655,,
1539,1713.5436,,
1540,2537.369,,
1541,1549.6163,,
1542,692.50385,,
1543,1590.5757,,
1544,582.5381,,
1545,610.1337,,
1546,3302.7483,,
1547,191.62793,,
1548,5713.4146,,
1549,2531.1687,,
1550,3681.8093,,
1551,2112.2915,,
1552,231.58394,,
1553,2173.6614,,
1554,1917.9628,,
1555,2521.8367,,
1556,2622.8506,,
1557,1552.8917,,
1558,1215.8676,,
1559,4045.284,,
1560,1866.396,,
1561,1067.5627,,
1562,-11.301887,,
1563,1828.5181,,
1564,291.10696,,
1565,1662.4387,,
1566,2727.3186,,
1567,3357.672,,
1568,1442.5431,,
1569,2415.6394,,
1570,1107.8267,,
1571,4216.786,,
1572,1467.3176,,
1573,3619.1042,,
1574,553.874,,
1575,4388.251,,
1576,1830.9783,,
1577,941.6772,,
1578,2260.3318,,
1579,621.0759,,
1580,1896.7983,,
1581,3641.591,,
1582,3042.4033,,
1583,2138.8955,,
1584,2291.6135,,
1585,3292.883,,
1586,3115.114,,
1587,1609.2836,,
1588,917.0648,,
1589,2745.6096,,
1590,1893.6461,,
1591,169.07921,,
1592,3311.037,,
1593,492.36746,,
1594,2173.9517,,
1595,778.3706,,
1596,4217.855,,
1597,4641.0073,,
1598,3701.834,,
1599,2674.2932,,
1600,3175.8606,,
1601,1103.484,,
1602,1590.2449,,
1603,2425.86,,
1604,2443.7478,,
1605,831.72974,,
1606,7429.227,,
1607,3659.7158,,
1608,2531.2415,,
1609,1310.8724,,
1610,3729.0232,,
1611,248.34279,,
1612,1832.5135,,
1613,3211.9019,,
1614,546.2135,,
1615,3268.7727,,
1616,113.87715,,
1617,1674.4153,,
1618,3510.9363,,
1619,1050.6549,,
1620,2265.1575,,
1621,3419.9543,,
1622,3855.262,,
1623,1667.5647,,
1624,2218.2986,,
1625,927.8836,,
1626,3797.2378,,
1627,2441.2288,,
1628,3137.952,,
1629,108.08398,,
1630,3235.6807,,
1631,2622.2708,,
1632,1186.2527,,
1633,606.842,,
1634,3346.9614,,
1635,1687.5197,,
1636,4337.1626,,
1637,1040.0221,,
1638,4425.971,,
1639,3650.5112,,
1640,3309.9358,,
1641,3880.4973,,
1642,661.522,,
1643,2419.059,,
1644,-242.11665,,
1645,2293.6724,,
1646,1518.1104,,
1647,3414.1816,,
1648,491.40048,,
1649,2067.6865,,
1650,1959.5718,,
1651,158.61633,,
1652,729.02136,,
1653,4071.2625,,
1654,3939.7756,,
1655,914.7506,,
1656,2570.8506,,
1657,409.28696,,
1658,1713.5851,,
1659,1052.566,,
1660,3321.0623,,
1661,1247.8145,,
1662,3818.783,,
1663,1534.781,,
1664,438.4426,,
1665,2761.06,,
1666,4045.4617,,
1667,1401.8942,,
1668,4145.761,,
1669,994.815,,
1670,3622.8237,,
1671,3493.402,,
1672,1289.362,,
1673,1933.2043,,
1674,956.4437,,
1675,4496.924,,
1676,182.76648,,
1677,2339.5745,,
1678,1379.1215,,
1679,4615.8887,,
1680,1898.1823,,
1681,2141.3433,,
1682,2528.534,,
1683,1232.9404,,
1684,379.623,,
1685,4046.458,,
1686,3198.2368,,
1687,2733.4624,,
1688,1301.0961,,
1689,853.62823,,
1690,1653.3723,,
1691,782.64667,,
1692,1299.9733,,
1693,2969.3132,,
1694,1884.1094,,
1695,627.9313,,
1696,2643.2783,,
1697,2500.4583,,
1698,2311.7634,,
1699,566.53784,,
1700,5230.145,,
1701,1051.7091,,
1702,1334.7153,,
1703,1933.7498,,
1704,2203.2803,,
1705,1739.5132,,
1706,5104.363,,
1707,3678.1738,,
1708,3935.9082,,
1709,2520.887,,
1710,229.9828,,
1711,2724.4424,,
1712,2631.4502,,
1713,1846.7053,,
1714,4515.511,,
1715,2859.0105,,
1716,3828.7788,,
1717,2635.8333,,
1718,295.40076,,
1719,1332.542,,
1720,3020.6912,,
1721,2321.3264,,
1722,2437.218,,
1723,2083.5535,,
1724,2840.4307,,
1725,688.9866,,
1726,5586.325,,
1727,4788.43,,
1728,1971.0428,,
1729,2063.6633,,
1730,3276.0051,,
1731,3492.8481,,
1732,2817.9995,,
1733,873.0005,,
1734,1515.491,,
1735,2104.8455,,
1736,1947.6914,,
1737,1949.2107,,
1738,150.31401,,
1739,2411.8037,,
1740,813.4876,,
1741,288.13986,,
1742,1582.9658,,
1743,121.14934,,
1744,165.24129,,
1745,3555.5422,,
1746,598.5671,,
1747,2157.3708,,
1748,2879.6357,,
1749,2846.283,,
1750,4340.3936,,
1751,1140.0897,,
1752,2208.1309,,
1753,3487.0588,,
1754,2638.3357,,
1755,392.7248,,
1756,3324.5623,,
1757,3398.7173,,
1758,792.76385,,
1759,2212.3306,,
1760,4344.6465,,
1761,4448.6646,,
1762,2534.4658,,
1763,2882.5796,,
1764,1089.7202,,
1765,2162.553,,
1766,4054.1663,,
1767,1642.7263,,
1768,2722.2153,,
1769,4994.4277,,
1770,2909.5322,,
1771,1946.3843,,
1772,2946.5295,,
1773,3512.044,,
1774,3144.1313,,
1775,3226.0083,,
1776,1713.3274,,
1777,3142.2512,,
1778,703.5723,,
1779,5204.9604,,
1780,852.22217,,
1781,942.39594,,
1782,1517.369,,
1783,103.96739,,
1784,2628.8125,,
1785,386.66003,,
1786,2052.3767,,
1787,894.72125,,
1788,1737.3115,,
1789,2123.4915,,
1790,84.62875,,
1791,2699.8584,,
1792,4503.1987,,
1793,2101.3384,,
1794,994.83246,,
1795,2960.5154,,
1796,3407.6658,,
1797,1315.4232,,
1798,1799.794,,
1799,919.1403,,
1800,1170.5171,,
1801,7313.102,,
1802,1543.5948,,
1803,1364.446,,
1804,2965.8857,,
1805,621.02527,,
1806,2064.2158,,
1807,-0.7089733,,
1808,870.99854,,
1809,3435.2021,,
1810,2692.0684,,
1811,3316.7034,,
1812,154.97757,,
1813,4484.239,,
1814,1272.6212,,
1815,870.37994,,
1816,905.6611,,
1817,3562.5977,,
1818,2594.5813,,
1819,226.60962,,
1820,3106.0996,,
1821,2092.0442,,
1822,3368.7617,,
1823,135.23328,,
1824,656.06,,
1825,1765.537,,
1826,1470.8372,,
1827,2849.677,,
1828,3208.5894,,
1829,607.40027,,
1830,237.40381,,
1831,2109.2166,,
1832,948.2129,,
1833,736.3749,,
1834,2421.9963,,
1835,1729.7622,,
1836,212.08649,,
1837,6855.714,,
1838,1883.144,,
1839,2509.443,,
1840,4193.8477,,
1841,2743.167,,
1842,2302.1682,,
1843,2968.8628,,
1844,891.81805,,
1845,1559.4749,,
1846,2090.4524,,
1847,1839.474,,
1848,1625.9674,,
1849,2659.5557,,
1850,3998.9158,,
1851,2829.1162,,
1852,356.01617,,
1853,3699.1533,,
1854,2079.4478,,
1855,1449.684,,
1856,3109.0068,,
1857,148.91357,,
1858,3767.6797,,
1859,2139.7925,,
1860,1320.0846,,
1861,4200.457,,
1862,3088.601,,
1863,2009.4518,,
1864,3897.171,,
1865,2176.1414,,
1866,1791.9979,,
1867,1530.8984,,
1868,869.7281,,
1869,877.6943,,
1870,1889.9847,,
1871,2691.762,,
1872,115.19367,,
1873,594.6601,,
1874,3135.7915,,
1875,1302.3552,,
1876,5091.3384,,
1877,2590.318,,
1878,1728.6285,,
1879,1535.2201,,
1880,1026.4431,,
1881,2267.484,,
1882,1812.2189,,
1883,4595.1523,,
1884,1370.5891,,
1885,275.50565,,
1886,2533.557,,
1887,539.0303,,
1888,4384.853,,
1889,542.7996,,
1890,1095.1765,,
1891,3308.6775,,
1892,1562.8702,,
1893,1392.3047,,
1894,190.25223,,
1895,6023.908,,
1896,1453.895,,
1897,2608.3748,,
1898,1896.2565,,
1899,3390.7056,,
1900,3480.828,,
1901,728.6017,,
1902,149.42047,,
1903,3593.5312,,
1904,2372.6243,,
1905,2422.6047,,
1906,5285.9033,,
1907,4384.084,,
1908,2855.4104,,
1909,1575.3584,,
1910,3036.2563,,
1911,459.28802,,
1912,3602.8845,,
1913,1911.6458,,
1914,4228.823,,
1915,409.3237,,
1916,516.0331,,
1917,3051.5142,,
1918,1813.0044,,
1919,187.28159,,
1920,1531.1003,,
1921,2152.658,,
1922,2412.0667,,
1923,3193.0447,,
1924,3351.5244,,
1925,1589.8744,,
1926,1878.9585,,
1927,2907.7083,,
1928,1155.0757,,
1929,1994.9865,,
1930,4428.762,,
1931,246.86263,,
1932,4105.586,,
1933,1212.8417,,
1934,4647.8765,,
1935,2777.5703,,
1936,2086.3599,,
1937,2974.9685,,
1938,1566.5823,,
1939,491.48798,,
1940,1679.3813,,
1941,1452.8403,,
1942,1345.2651,,
1943,1202.9789,,
1944,937.75836,,
1945,613.40607,,
1946,5075.6235,,
1947,3313.886,,
1948,410.26526,,
1949,466.78464,,
1950,1160.1704,,
1951,1731.9895,,
1952,3969.9744,,
1953,929.4917,,
1954,1832.17,,
1955,78.58402,,
1956,2404.0134,,
1957,2746.284,,
1958,671.84186,,
1959,403.5464,,
1960,4452.5024,,
1961,1888.1392,,
1962,2078.3435,,
1963,2348.8948,,
1964,3058.7285,,
1965,639.0319,,
1966,742.4708,,
1967,2470.7803,,
1968,2049.7654,,
1969,573.3103,,
1970,74.03818,,
1971,2400.9504,,
1972,230.36923,,
1973,-175.89928,,
1974,244.14607,,
1975,679.9401,,
1976,1469.9062,,
1977,3837.178,,
1978,2352.9634,,
1979,2880.3103,,
1980,1492.672,,
1981,4128.049,,
1982,749.67865,,
1983,1953.3699,,
1984,904.39435,,
1985,2068.001,,
1986,2837.381,,
1987,738.003,,
1988,4400.945,,
1989,603.522,,
1990,2487.4922,,
1991,2064.283,,
1992,2322.1284,,
1993,1635.1552,,
1994,5017.6235,,
1995,2687.3855,,
1996,3584.4697,,
1997,852.72205,,
1998,1796.0288,,
1999,1920.0742,,
2000,1922.7863,,
2001,245.04543,,
2002,718.5612,,
2003,3469.2207,,
2004,2818.672,,
2005,3486.049,,
2006,2333.9495,,
2007,3187.0032,,
2008,2433.6328,,
2009,2591.6416,,
2010,282.25302,,
2011,3168.7297,,
2012,419.83975,,
2013,1017.6937,,
2014,2277.4758,,
2015,2926.0872,,
2016,779.73926,,
2017,1843.098,,
2018,4445.56,,
2019,169.7863,,
2020,2368.4663,,
2021,1737.3243,,
2022,3188.9905,,
2023,1659.7056,,
2024,514.0461,,
2025,2313.7263,,
2026,2531.7036,,
2027,919.59296,,
2028,5764.5273,,
2029,2949.6833,,
2030,1541.4902,,
2031,1328.8876,,
2032,4948.672,,
2033,1912.8525,,
2034,2019.5212,,
2035,1520.3757,,
2036,3343.2341,,
2037,992.9163,,
2038,687.06055,,
2039,3231.261,,
2040,2512.7988,,
2041,3042.4565,,
2042,1829.9098,,
2043,3903.3196,,
2044,2203.318,,
2045,574.64813,,
2046,3338.0266,,
2047,3199.3904,,
2048,2580.0842,,
2049,2504.933,,
2050,2499.258,,
2051,1059.319,,
2052,672.72003,,
2053,2952.6636,,
2054,3585.615,,
2055,636.3623,,
2056,888.6487,,
2057,617.4894,,
2058,3479.3801,,
2059,1022.62933,,
2060,2417.3706,,
2061,2954.8296,,
2062,7464.059,,
2063,923.8679,,
2064,1754.445,,
2065,1040.8962,,
2066,891.5784,,
2067,962.21893,,
2068,1667.536,,
2069,3263.1597,,
2070,2140.9138,,
2071,4232.6655,,
2072,403.0421,,
2073,2224.4233,,
2074,1613.0665,,
2075,839.3432,,
2076,793.65814,,
2077,5108.527,,
2078,2859.1326,,
2079,1352.3445,,
2080,1597.0128,,
2081,3968.6582,,
2082,259.30975,,
2083,456.4265,,
2084,1524.098,,
2085,1728.0559,,
2086,2228.7454,,
2087,678.7732,,
2088,2733.6484,,
2089,1159.0288,,
2090,3469.1462,,
2091,6128.3203,,
2092,1830.7415,,
2093,3055.311,,
2094,613.69086,,
2095,1521.9121,,
2096,1802.0211,,
2097,2164.9856,,
2098,2136.5042,,
2099,2770.2979,,
2100,1874.8108,,
2101,2230.3855,,
2102,1437.8098,,
2103,3335.5103,,
2104,5748.7524,,
2105,2364.0906,,
2106,605.9111,,
2107,3259.1577,,
2108,3009.387,,
2109,2545.8628,,
2110,1213.6669,,
2111,1936.3389,,
2112,389.0411,,
2113,3750.0437,,
2114,690.39777,,
2115,267.32312,,
2116,2110.6592,,
2117,828.3958,,
2118,875.5996,,
2119,2879.8362,,
2120,4051.1377,,
2121,2495.2563,,
2122,5972.7305,,
2123,4883.572,,
2124,2688.043,,
2125,608.04,,
2126,3212.0198,,
2127,2327.5374,,
2128,5732.1016,,
2129,2654.5745,,
2130,1197.058,,
2131,18.993216,,
2132,1525.983,,
2133,2115.1838,,
2134,1129.9988,,
2135,310.40625,,
2136,3361.0503,,
2137,3967.018,,
2138,997.9114,,
2139,598.70197,,
2140,4305.855,,
2141,4351.854,,
2142,3231.6045,,
2143,2857.143,,
2144,2840.6577,,
2145,2653.937,,
2146,526.3614,,
2147,3058.726,,
2148,3575.1003,,
2149,2404.5264,,
2150,2079.76,,
2151,1532.9918,,
2152,1521.8641,,
2153,3249.3772,,
2154,2997.7527,,
2155,1068.872,,
2156,5156.3203,,
2157,3128.082,,
2158,1946.2762,,
2159,664.7744,,
2160,2681.8657,,
2161,1140.2494,,
2162,538.8395,,
2163,164.39865,,
2164,1485.0448,,
2165,1816.961,,
2166,1184.0339,,
2167,102.59916,,
2168,1058.6876,,
2169,5234.156,,
2170,2540.779,,
2171,1903.6721,,
2172,2555.6375,,
2173,2994.96,,
2174,1724.288,,
2175,1140.4882,,
2176,2706.6611,,
2177,2600.1729,,
2178,1045.0996,,
2179,87.4237,,
2180,35.796124,,
2181,4036.507,,
2182,4061.3315,,
2183,4205.317,,
2184,1811.7603,,
2185,7699.099,,
2186,625.04486,,
2187,7061.284,,
2188,2994.6162,,
2189,1596.9421,,
2190,909.94855,,
2191,3263.2126,,
2192,4208.4175,,
2193,764.67255,,
2194,902.79156,,
2195,2745.316,,
2196,876.4604,,
2197,3390.1235,,
2198,4258.4897,,
2199,1758.419,,
2200,4001.1465,,
2201,3721.6396,,
2202,2057.9434,,
2203,322.20016,,
2204,4214.618,,
2205,1038.5653,,
2206,1481.8749,,
2207,1803.2913,,
2208,6668.582,,
2209,2441.0942,,
2210,1691.0645,,
2211,669.2295,,
2212,79.4026,,
2213,691.82385,,
2214,3252.2913,,
2215,1937.9614,,
2216,1493.8893,,
2217,4598.757,,
2218,2277.7578,,
2219,3468.6943,,
2220,584.9416,,
2221,6021.766,,
2222,396.6969,,
2223,3323.1938,,
2224,1832.5546,,
2225,2710.2368,,
2226,2027.8287,,
2227,1730.3147,,
2228,1087.9506,,
2229,1598.5698,,
2230,237.03587,,
2231,6214.9375,,
2232,4191.185,,
2233,977.91455,,
2234,4381.4536,,
2235,536.9653,,
2236,3265.9697,,
2237,527.7372,,
2238,5162.1475,,
2239,4430.398,,
2240,249.44214,,
2241,3500.3015,,
2242,1132.3486,,
2243,971.7953,,
2244,2793.0066,,
2245,1027.68,,
2246,3048.9536,,
2247,2785.4773,,
2248,5021.27,,
2249,2610.043,,
2250,355.98755,,
2251,2665.3333,,
2252,2890.1978,,
2253,2606.2761,,
2254,396.38998,,
2255,3116.948,,
2256,99.85099,,
2257,3028.7957,,
2258,1614.8712,,
2259,3667.5242,,
2260,1148.2332,,
2261,705.01917,,
2262,2915.4941,,
2263,2847.3438,,
2264,3392.784,,
2265,4371.1567,,
2266,1461.7386,,
2267,5003.4795,,
2268,829.04517,,
2269,1917.1736,,
2270,1577.1182,,
2271,3150.9702,,
2272,4880.9272,,
2273,5908.823,,
2274,604.5609,,
2275,1572.1775,,
2276,390.36478,,
2277,1486.2748,,
2278,3259.1746,,
2279,2269.4165,,
2280,4674.605,,
2281,1442.6176,,
2282,1640.4502,,
2283,718.7117,,
2284,2694.1836,,
2285,1156.678,,
2286,4314.52,,
2287,2935.617,,
2288,2356.6643,,
2289,3389.4104,,
2290,193.69803,,
2291,3347.5234,,
2292,2306.0583,,
2293,1089.7057,,
2294,995.93976,,
2295,397.36533,,
2296,3246.1216,,
2297,3530.052,,
2298,739.7057,,
2299,2703.1946,,
2300,3078.0254,,
2301,292.83936,,
2302,273.22388,,
2303,2660.5862,,
2304,2003.325,,
2305,6283.2646,,
2306,685.64056,,
2307,1986.5138,,
2308,1580.6201,,
2309,766.0682,,
2310,752.24725,,
2311,1655.6627,,
2312,2412.3276,,
2313,5306.524,,
2314,2525.395,,
2315,1838.7507,,
2316,3321.7607,,
2317,2977.072,,
2318,3208.4304,,
2319,2627.4604,,
2320,3575.7332,,
2321,936.6491,,
2322,2274.4592,,
2323,2869.203,,
2324,2076.8225,,
2325,7533.6914,,
2326,2649.7378,,
2327,1777.9828,,
2328,1351.4576,,
2329,4344.3193,,
2330,1510.3086,,
2331,880.7821,,
2332,2364.0835,,
2333,3747.8306,,
2334,2103.7644,,
2335,2137.1382,,
2336,306.98663,,
2337,3165.8467,,
2338,4115.512,,
2339,777.6611,,
2340,480.12817,,
2341,1623.9885,,
2342,802.05475,,
2343,4317.1064,,
2344,2038.647,,
2345,361.38098,,
2346,2458.3242,,
2347,3438.3484,,
2348,1277.9011,,
2349,706.805,,
2350,1946.7449,,
2351,585.04254,,
2352,1242.1343,,
2353,3498.5234,,
2354,3245.1257,,
2355,3559.8953,,
2356,147.486,,
2357,1156.58,,
2358,2092.4668,,
2359,3782.1592,,
2360,4692.668,,
2361,4098.6157,,
2362,534.9966,,
2363,3296.5737,,
2364,246.60847,,
2365,169.92805,,
2366,5005.2725,,
2367,4124.403,,
2368,1595.535,,
2369,3215.6577,,
2370,2397.5151,,
2371,798.64355,,
2372,2867.78,,
2373,1841.3511,,
2374,2003.8622,,
2375,1065.6871,,
2376,1461.4431,,
2377,1846.4811,,
2378,2112.6067,,
2379,1646.2773,,
2380,260.0918,,
2381,1260.7574,,
2382,2282.8267,,
2383,4324.821,,
2384,2346.9558,,
2385,2887.2612,,
2386,227.5726,,
2387,2860.8394,,
2388,1146.6779,,
2389,1305.6525,,
2390,828.5542,,
2391,411.35513,,
2392,3418.0852,,
2393,321.66602,,
2394,887.0897,,
2395,795.23706,,
2396,781.2843,,
2397,1675.3398,,
2398,1429.7589,,
2399,3117.5925,,
2400,4431.9946,,
2401,2293.982,,
2402,1703.1094,,
2403,1606.8981,,
2404,316.60464,,
2405,3212.4307,,
2406,4056.3284,,
2407,4754.6675,,
2408,239.30782,,
2409,566.7045,,
2410,1759.9435,,
2411,476.59946,,
2412,459.87802,,
2413,2425.4814,,
2414,3083.4524,,
2415,3861.5574,,
2416,2819.026,,
2417,2605.9336,,
2418,1629.7988,,
2419,2394.5457,,
2420,464.5023,,
2421,1867.686,,
2422,2512.839,,
2423,5378.0444,,
2424,2771.197,,
2425,2848.327,,
2426,3584.4697,,
2427,2807.9038,,
2428,2556.282,,
2429,2137.0298,,
2430,809.01544,,
2431,893.394,,
2432,4131.9937,,
2433,-46.68763,,
2434,2170.6062,,
2435,3795.886,,
2436,2043.5782,,
2437,2446.512,,
2438,1981.5275,,
2439,2708.75,,
2440,3745.9285,,
2441,604.70465,,
2442,3966.6216,,
2443,2987.4915,,
2444,2614.9688,,
2445,3039.9937,,
2446,2175.266,,
2447,3879.3508,,
2448,2425.0974,,
2449,3036.0972,,
2450,4540.5923,,
2451,3850.1433,,
2452,633.3071,,
2453,1511.6013,,
2454,1814.7584,,
2455,14.797907,,
2456,1700.3342,,
2457,2997.8452,,
2458,910.25415,,
2459,4259.1,,
2460,1044.6799,,
2461,1725.71,,
2462,2407.518,,
2463,5175.12,,
2464,3886.4875,,
2465,1421.5077,,
2466,976.658,,
2467,2569.78,,
2468,1729.7206,,
2469,967.80615,,
2470,817.15546,,
2471,3052.1702,,
2472,374.69156,,
2473,2521.1086,,
2474,3646.2236,,
2475,1284.5471,,
2476,316.47217,,
2477,875.222,,
2478,5437.4116,,
2479,394.92984,,
2480,3293.9697,,
2481,1362.2926,,
2482,1947.504,,
2483,2285.5771,,
2484,2610.7915,,
2485,651.18146,,
2486,2391.019,,
2487,2734.4514,,
2488,199.4276,,
2489,2676.5298,,
2490,701.29156,,
2491,3130.7817,,
2492,1489.5869,,
2493,4602.255,,
2494,2429.1426,,
2495,2412.8887,,
2496,1968.8542,,
2497,3246.468,,
2498,1545.2695,,
2499,321.09088,,
2500,874.61804,,
2501,1325.7671,,
2502,1412.7192,,
2503,705.99976,,
2504,251.93234,,
2505,171.57115,,
2506,2482.7585,,
2507,1427.4608,,
2508,2125.6113,,
2509,1917.0526,,
2510,3062.0554,,
2511,1717.6122,,
2512,2739.035,,
2513,2853.5935,,
2514,2192.8801,,
2515,246.80336,,
2516,371.79745,,
2517,1701.1893,,
2518,2245.5352,,
2519,1763.8593,,
2520,5602.1885,,
2521,2549.6016,,
2522,121.86499,,
2523,1533.3198,,
2524,2188.9585,,
2525,2011.5356,,
2526,3086.8813,,
2527,1022.7818,,
2528,1877.6758,,
2529,3447.4817,,
2530,3121.9265,,
2531,2593.3975,,
2532,1279.156,,
2533,4133.2715,,
2534,166.45865,,
2535,2203.7227,,
2536,1333.4778,,
2537,1241.8066,,
2538,3282.7007,,
2539,4640.0327,,
2540,1417.9061,,
2541,806.9723,,
2542,3382.0518,,
2543,3850.9268,,
2544,2084.1367,,
2545,1096.0345,,
2546,3004.265,,
2547,4831.5015,,
2548,2680.3843,,
2549,3793.045,,
2550,3138.9587,,
2551,3576.65,,
2552,3083.7852,,
2553,3686.7966,,
2554,517.36365,,
2555,4119.495,,
2556,3786.6555,,
2557,1445.0834,,
2558,1337.2566,,
2559,3170.0667,,
2560,2108.0796,,
2561,196.49033,,
2562,3314.905,,
2563,1786.0352,,
2564,2871.515,,
2565,1523.9617,,
2566,504.59863,,
2567,5771.1963,,
2568,288.76443,,
2569,1378.1227,,
2570,2340.5664,,
2571,1873.4852,,
2572,1472.8993,,
2573,1619.8713,,
2574,2618.6072,,
2575,914.57074,,
2576,3163.9834,,
2577,3067.019,,
2578,4138.449,,
2579,2517.1528,,
2580,1366.2915,,
2581,2312.1973,,
2582,706.98865,,
2583,1353.8004,,
2584,450.2519,,
2585,2474.0857,,
2586,5521.944,,
2587,3376.8699,,
2588,5770.154,,
2589,4130.9805,,
2590,2084.0737,,
2591,1247.9696,,
2592,1205.7855,,
2593,1126.5302,,
2594,2650.9224,,
2595,1511.1177,,
2596,2953.324,,
2597,644.2397,,
2598,1587.8414,,
2599,2276.196,,
2600,269.37137,,
2601,2055.5505,,
2602,1822.6151,,
2603,2116.326,,
2604,2421.5051,,
2605,327.8739,,
2606,2027.564,,
2607,2660.7527,,
2608,1858.2699,,
2609,54.466892,,
2610,735.8357,,
2611,1367.3142,,
2612,3711.2317,,
2613,1651.2032,,
2614,1479.4928,,
2615,1699.2734,,
2616,1440.7775,,
2617,4491.7905,,
2618,3191.65,,
2619,1877.385,,
2620,2999.9678,,
2621,373.6004,,
2622,404.64938,,
2623,3714.9158,,
2624,3940.1343,,
2625,302.21127,,
2626,64.768555,,
2627,2255.732,,
2628,341.18027,,
2629,1156.8606,,
2630,1904.2352,,
2631,3501.9402,,
2632,1375.2113,,
2633,1667.6138,,
2634,8813.105,,
2635,1595.6571,,
2636,3232.5728,,
2637,1319.4786,,
2638,715.8663,,
2639,2486.0212,,
2640,2435.8328,,
2641,246.23207,,
2642,1724.1526,,
2643,2358.4158,,
2644,2802.5876,,
2645,1259.481,,
2646,2773.1719,,
2647,1461.0522,,
2648,363.3594,,
2649,4837.048,,
2650,311.9452,,
2651,3289.8303,,
2652,-7.7979274,,
2653,2794.0137,,
2654,5044.4634,,
2655,2303.9087,,
2656,1727.4442,,
2657,3179.2751,,
2658,2424.9453,,
2659,1931.1898,,
2660,1341.2546,,
2661,3521.906,,
2662,1459.8071,,
2663,501.65106,,
2664,951.2225,,
2665,1882.3767,,
2666,3761.8728,,
2667,2345.355,,
2668,2106.2385,,
2669,3873.1045,,
2670,2545.4705,,
2671,2020.093,,
2672,925.24927,,
2673,1794.896,,
2674,1587.0819,,
2675,1623.0212,,
2676,1214.3751,,
2677,243.57027,,
2678,2199.6677,,
2679,2064.438,,
2680,587.16095,,
2681,1421.5482,,
2682,2828.9053,,
2683,2151.2546,,
2684,3249.0715,,
2685,1600.7728,,
2686,2037.1589,,
2687,1027.5945,,
2688,1778.1482,,
2689,1503.6588,,
2690,3309.7363,,
2691,767.54333,,
2692,1199.4039,,
2693,3905.1736,,
2694,284.06274,,
2695,3330.488,,
2696,2131.6184,,
2697,2136.545,,
2698,5447.1123,,
2699,2582.0847,,
2700,1663.6802,,
2701,2892.2617,,
2702,2704.172,,
2703,2015.0284,,
2704,2663.0613,,
2705,774.3403,,
2706,2521.1606,,
2707,2421.5137,,
2708,1365.7706,,
2709,2010.5316,,
2710,3034.1943,,
2711,5007.243,,
2712,47.381485,,
2713,2727.6191,,
2714,3433.6973,,
2715,2181.4617,,
2716,2116.0364,,
2717,725.47296,,
2718,2020.4905,,
2719,1923.7914,,
2720,899.05786,,
2721,136.7324,,
2722,4270.783,,
2723,2043.6434,,
2724,2584.4785,,
2725,2703.7083,,
2726,1029.8109,,
2727,171.57115,,
2728,2678.889,,
2729,645.2039,,
2730,3596.83,,
2731,1915.5603,,
2732,2033.0778,,
2733,2533.5298,,
2734,3241.0764,,
2735,1004.30194,,
2736,2893.7827,,
2737,2757.5813,,
2738,880.25024,,
2739,1569.812,,
2740,765.888,,
2741,4066.098,,
2742,2364.6882,,
2743,2795.8452,,
2744,2528.5967,,
2745,1572.4094,,
2746,3156.8557,,
2747,3261.1624,,
2748,594.9683,,
2749,2216.6248,,
2750,2051.8137,,
2751,54.466892,,
2752,2213.6785,,
2753,3211.3516,,
2754,1153.941,,
2755,2850.2256,,
2756,1667.1963,,
2757,1898.1367,,
2758,2891.645,,
2759,2770.5317,,
2760,251.62068,,
2761,4911.1514,,
2762,3290.9563,,
2763,5046.187,,
2764,599.232,,
2765,988.2121,,
2766,2976.1543,,
2767,1971.7947,,
2768,1438.7595,,
2769,881.58527,,
2770,3773.1582,,
2771,223.36517,,
2772,2881.425,,
2773,1782.8365,,
2774,2641.1604,,
2775,2390.4724,,
2776,930.53235,,
2777,2957.4187,,
2778,460.6587,,
2779,418.2214,,
2780,3366.6868,,
2781,4391.05,,
2782,1328.1395,,
2783,3480.3306,,
2784,3318.933,,
2785,3769.6023,,
2786,2474.0278,,
2787,4579.6494,,
2788,433.17432,,
2789,1427.1022,,
2790,1824.1711,,
2791,3895.8699,,
2792,860.65106,,
2793,4776.8643,,
2794,2794.5173,,
2795,541.90533,,
2796,1156.3346,,
2797,1269.9337,,
2798,158.15007,,
2799,166.56696,,
2800,1877.2246,,
2801,4124.269,,
2802,3495.1682,,
2803,2760.9583,,
2804,3084.3987,,
2805,2605.7185,,
2806,3104.1619,,
2807,281.2832,,
2808,1346.7688,,
2809,4792.0664,,
2810,2764.5122,,
2811,1617.288,,
2812,3505.8472,,
2813,639.18066,,
2814,3205.3804,,
2815,1244.3578,,
2816,2334.6865,,
2817,3203.2222,,
2818,607.2422,,
2819,186.6053,,
2820,1469.8827,,
2821,3207.5996,,
2822,2793.3606,,
2823,371.65512,,
2824,3007.1265,,
2825,4233.11,,
2826,3980.8145,,
2827,388.11777,,
2828,2676.5515,,
2829,482.57605,,
2830,101.670525,,
2831,2682.7097,,
2832,2677.5066,,
2833,1287.1425,,
2834,2377.3594,,
2835,5571.4487,,
2836,142.9992,,
2837,624.35065,,
2838,4611.934,,
2839,1274.9508,,
2840,3335.502,,
2841,768.18365,,
2842,3592.3442,,
2843,317.27533,,
2844,2806.6904,,
2845,1789.6226,,
2846,482.3902,,
2847,2246.2986,,
2848,163.065,,
2849,835.61096,,
2850,901.31934,,
2851,202.22603,,
2852,3345.1035,,
2853,4856.6504,,
2854,3063.0999,,
2855,792.4631,,
2856,1647.2014,,
2857,3428.107,,
2858,554.7935,,
2859,2709.8906,,
2860,2474.8582,,
2861,2570.5667,,
2862,248.44574,,
2863,1336.2974,,
2864,1979.036,,
2865,388.66373,,
2866,913.8043,,
2867,1711.1946,,
2868,4434.682,,
2869,5083.534,,
2870,1290.6954,,
2871,521.0255,,
2872,680.08466,,
2873,3373.5813,,
2874,522.90283,,
2875,2985.0364,,
2876,3714.1738,,
2877,2818.1758,,
2878,2852.255,,
2879,1628.7715,,
2880,958.06854,,
2881,1858.8774,,
2882,3875.9546,,
2883,4827.3174,,
2884,2489.7944,,
2885,677.42755,,
2886,3521.3442,,
2887,1728.6007,,
2888,3227.2183,,
2889,2367.5112,,
2890,4353.9663,,
2891,746.06323,,
2892,3855.7483,,
2893,1118.6104,,
2894,739.17224,,
2895,1934.1284,,
2896,487.6003,,
2897,239.16011,,
2898,374.72217,,
2899,2415.35,,
2900,2834.0186,,
2901,820.8631,,
2902,3015.2732,,
2903,3290.8914,,
2904,3992.4568,,
2905,222.67459,,
2906,1443.3811,,
2907,3059.8684,,
2908,2852.3218,,
2909,1296.055,,
2910,260.04266,,
2911,4841.7266,,
2912,2202.296,,
2913,1050.8701,,
2914,4718.2686,,
2915,3428.6401,,
2916,139.5319,,
2917,795.6577,,
2918,528.8836,,
2919,3594.8638,,
2920,2783.1396,,
2921,388.5905,,
2922,3227.0647,,
2923,517.7637,,
2924,3149.0842,,
2925,2848.364,,
2926,646.9887,,
2927,3178.6816,,
2928,867.586,,
2929,510.5224,,
2930,4962.617,,
2931,2141.1045,,
2932,828.6028,,
2933,1699.8368,,
2934,3430.5305,,
2935,1903.84,,
2936,3621.5,,
2937,2883.8103,,
2938,1715.772,,
2939,1229.7208,,
2940,1854.0371,,
2941,1871.8848,,
2942,2813.7104,,
2943,2136.3982,,
2944,4074.1206,,
2945,1545.3767,,
2946,1380.541,,
2947,3450.2234,,
2948,1335.233,,
2949,974.7333,,
2950,3648.426,,
2951,3166.1365,,
2952,3569.456,,
2953,1531.5074,,
2954,2563.0007,,
2955,3324.9634,,
2956,1170.706,,
2957,636.43005,,
2958,2839.0012,,
2959,1198.4244,,
2960,2452.3438,,
2961,1132.3665,,
2962,1788.437,,
2963,1334.3835,,
2964,806.47754,,
2965,1962.5782,,
2966,3198.572,,
2967,3879.5828,,
2968,537.5156,,
2969,1385.7758,,
2970,2934.4978,,
2971,4716.2124,,
2972,3913.9353,,
2973,5793.8438,,
2974,97.26531,,
2975,1539.7354,,
2976,844.01074,,
2977,5611.54,,
2978,4725.518,,
2979,-63.81471,,
2980,2734.0713,,
2981,3235.6658,,
2982,268.35016,,
2983,72.55427,,
2984,672.105,,
2985,1841.7104,,
2986,3394.3623,,
2987,3029.112,,
2988,3666.539,,
2989,184.68187,,
2990,2935.217,,
2991,499.77933,,
2992,640.51746,,
2993,2423.6028,,
2994,703.05975,,
2995,2805.5269,,
2996,2465.783,,
2997,2952.2534,,
2998,2189.417,,
2999,4781.5396,,
3000,1170.2847,,
3001,4179.402,,
3002,1694.0148,,
3003,3984.1567,,
3004,2970.3496,,
3005,2256.8381,,
3006,1913.295,,
3007,2808.0046,,
3008,3592.6772,,
3009,4310.387,,
3010,5929.359,,
3011,1735.2186,,
3012,2032.755,,
3013,5724.814,,
3014,2685.5242,,
3015,489.60358,,
3016,4757.577,,
3017,764.8804,,
3018,3447.7334,,
3019,2414.9468,,
3020,4161.091,,
3021,2368.3337,,
3022,1778.1063,,
3023,668.01733,,
3024,3514.5266,,
3025,2960.4617,,
3026,4210.925,,
3027,184.26924,,
3028,501.4324,,
3029,1409.6963,,
3030,2301.3398,,
3031,48.184643,,
3032,1835.8213,,
3033,2574.448,,
3034,717.16846,,
3035,1803.461,,
3036,1275.7491,,
3037,2456.2412,,
3038,1159.1217,,
3039,1829.7787,,
3040,1896.5316,,
3041,894.41595,,
3042,1813.9994,,
3043,2557.4253,,
3044,3384.083,,
3045,2767.2986,,
3046,3691.1,,
3047,363.44147,,
3048,3720.668,,
3049,1312.7418,,
3050,2241.4775,,
3051,832.5693,,
3052,2824.6257,,
3053,1426.398,,
3054,1900.6967,,
3055,1459.6636,,
3056,3849.4705,,
3057,8541.34,,
3058,1004.95776,,
3059,1965.2809,,
3060,-51.245495,,
3061,3509.164,,
3062,611.58887,,
3063,1810.0692,,
3064,327.93466,,
3065,2399.3655,,
3066,714.71967,,
3067,225.14635,,
3068,1500.0686,,
3069,765.651,,
3070,1301.2059,,
3071,1112.3503,,
3072,1279.6783,,
3073,366.66565,,
3074,845.574,,
3075,3916.585,,
3076,4901.278,,
3077,5121.37,,
3078,800.5785,,
3079,1564.5092,,
3080,2829.8286,,
3081,2441.3347,,
3082,5463.2944,,
3083,752.17584,,
3084,1703.065,,
3085,62.892857,,
3086,2107.1035,,
3087,410.50394,,
3088,6113.6274,,
3089,1333.3097,,
3090,2259.9307,,
3091,878.0745,,
3092,2626.6177,,
3093,2870.5261,,
3094,1914.1748,,
3095,2161.892,,
3096,339.43268,,
3097,2668.6116,,
3098,3706.5476,,
3099,2825.9202,,
3100,2256.5146,,
3101,2042.7651,,
3102,2200.3325,,
3103,3221.6719,,
3104,1731.3274,,
3105,3188.6274,,
3106,2145.5645,,
3107,923.9789,,
3108,3398.7014,,
3109,467.07474,,
3110,178.47783,,
3111,199.16765,,
3112,808.4964,,
3113,1949.8666,,
3114,3548.2043,,
3115,1242.6608,,
3116,3452.4622,,
3117,629.44934,,
3118,3172.3438,,
3119,840.2813,,
3120,3843.4597,,
3121,5616.5537,,
3122,1071.458,,
3123,4114.7817,,
3124,1372.7476,,
3125,115.983574,,
3126,2362.4875,,
3127,3691.1575,,
3128,3117.603,,
3129,2034.8502,,
3130,1874.3927,,
3131,4337.814,,
3132,4045.731,,
3133,2390.4856,,
3134,2189.7024,,
3135,3870.5312,,
3136,2579.5144,,
3137,1127.2035,,
3138,4208.74,,
3139,1294.239,,
3140,2676.96,,
3141,7222.8076,,
3142,2896.7478,,
3143,687.2355,,
3144,4836.4023,,
3145,1050.1311,,
3146,3371.2139,,
3147,1516.564,,
3148,3974.5989,,
3149,-1459.7739,,
3150,2860.098,,
3151,991.5817,,
3152,195.89966,,
3153,2676.9478,,
3154,1392.182,,
3155,445.16263,,
3156,4447.13,,
3157,3191.5369,,
3158,2020.3895,,
3159,-1337.5929,,
3160,6472.7246,,
3161,2237.4214,,
3162,5900.9985,,
3163,191.6173,,
3164,3255.0374,,
3165,794.9251,,
3166,3054.1094,,
3167,478.6356,,
3168,4787.9604,,
3169,3959.053,,
3170,4700.2964,,
3171,1357.9053,,
3172,3527.1128,,
3173,1494.7283,,
3174,950.14557,,
3175,2319.4067,,
3176,1779.9501,,
3177,1984.9143,,
3178,4590.052,,
3179,4235.4893,,
3180,2098.029,,
3181,1475.3481,,
3182,177.30266,,
3183,852.4748,,
3184,5949.7993,,
3185,2847.1565,,
3186,751.64075,,
3187,2432.0933,,
3188,3459.0515,,
3189,1812.2383,,
3190,2270.6572,,
3191,1716.2434,,
3192,1830.4578,,
3193,1776.4906,,
3194,3540.9395,,
3195,982.0496,,
3196,1406.3363,,
3197,2411.5117,,
3198,1876.0974,,
3199,2434.1323,,
3200,1658.0801,,
3201,1778.2122,,
3202,2227.2935,,
3203,2426.8606,,
3204,2172.4463,,
3205,269.82654,,
3206,124.90752,,
3207,297.55804,,
3208,467.40857,,
3209,439.17773,,
3210,1919.5525,,
3211,3611.7944,,
3212,1038.7275,,
3213,1055.5846,,
3214,1734.1959,,
3215,2398.567,,
3216,2769.5203,,
3217,1886.9216,,
3218,1400.997,,
3219,3792.645,,
3220,1538.9741,,
3221,632.10425,,
3222,564.5768,,
3223,522.5256,,
3224,3677.5437,,
3225,1111.9955,,
3226,1529.3895,,
3227,2277.2222,,
3228,2106.8816,,
3229,2718.4998,,
3230,1252.0658,,
3231,67.90392,,
3232,2926.9636,,
3233,4479.9253,,
3234,3071.0398,,
3235,5293.326,,
3236,531.15295,,
3237,2401.7676,,
3238,2520.9563,,
3239,324.36346,,
3240,2161.0552,,
3241,638.79266,,
3242,1109.8843,,
3243,5703.7866,,
3244,2749.1465,,
3245,575.88104,,
3246,2125.3416,,
3247,3886.464,,
3248,1251.0365,,
3249,2317.04,,
3250,2299.882,,
3251,2004.6288,,
3252,2059.058,,
3253,660.3713,,
3254,2283.1584,,
3255,1690.698,,
3256,1681.2968,,
3257,67.03615,,
3258,2797.7063,,
3259,2586.0142,,
3260,1969.9688,,
3261,2376.2192,,
3262,1119.1124,,
3263,1010.6812,,
3264,293.39224,,
3265,906.7491,,
3266,896.4336,,
3267,446.7311,,
3268,2621.984,,
3269,794.47,,
3270,2764.7097,,
3271,726.09106,,
3272,825.9573,,
3273,3367.8389,,
3274,4668.4756,,
3275,2790.3862,,
3276,2394.086,,
3277,2424.5586,,
3278,2381.4792,,
3279,2458.4045,,
3280,319.28815,,
3281,349.81503,,
3282,258.17755,,
3283,4453.667,,
3284,3342.7188,,
3285,1860.7103,,
3286,1789.6057,,
3287,2290.204,,
3288,3573.175,,
3289,3064.8645,,
3290,2366.0513,,
3291,2861.9375,,
3292,172.34772,,
3293,3634.874,,
3294,219.67528,,
3295,3036.8342,,
3296,5206.503,,
3297,1845.7335,,
3298,915.3858,,
3299,2274.7378,,
3300,847.0366,,
3301,1680.0619,,
3302,2402.1619,,
3303,2419.2803,,
3304,3733.4824,,
3305,2973.747,,
3306,2737.0579,,
3307,2475.2517,,
3308,1774.1869,,
3309,2503.5857,,
3310,1778.4166,,
3311,3377.6592,,
3312,6092.1904,,
3313,200.67624,,
3314,3474.9875,,
3315,662.24365,,
3316,506.8836,,
3317,1729.4008,,
3318,1387.3684,,
3319,563.83923,,
3320,3843.1636,,
3321,3395.8823,,
3322,2134.9807,,
3323,4403.1494,,
3324,1925.2683,,
3325,202.70622,,
3326,3594.9,,
3327,2098.79,,
3328,4658.473,,
3329,3807.1702,,
3330,3327.2417,,
3331,2697.0544,,
3332,5700.432,,
3333,5358.95,,
3334,1601.1,,
3335,2566.3699,,
3336,870.26337,,
3337,718.72736,,
3338,1958.4929,,
3339,423.20755,,
3340,311.68243,,
3341,3187.909,,
3342,1446.4662,,
3343,2854.3315,,
3344,1788.9551,,
3345,4157.388,,
3346,306.2175,,
3347,3714.3684,,
3348,4382.047,,
3349,626.69495,,
3350,1067.2968,,
3351,444.9847,,
3352,4933.188,,
3353,4729.5176,,
3354,595.17883,,
3355,3383.9778,,
3356,970.1866,,
3357,2164.2412,,
3358,3434.1255,,
3359,901.99066,,
3360,322.62534,,
3361,2746.6453,,
3362,1387.4186,,
3363,1385.8442,,
3364,234.2901,,
3365,72.746895,,
3366,5051.662,,
3367,3445.4294,,
3368,1424.8754,,
3369,877.76776,,
3370,1410.3444,,
3371,832.8156,,
3372,698.7114,,
3373,1531.9913,,
3374,5615.4595,,
3375,2645.803,,
3376,1947.2477,,
3377,2553.6252,,
3378,332.5505,,
3379,1518.1023,,
3380,4779.8286,,
3381,2521.7246,,
3382,1043.7174,,
3383,333.12167,,
3384,2802.881,,
3385,1932.948,,
3386,2670.2832,,
3387,4306.2407,,
3388,2945.5598,,
3389,2371.1145,,
3390,743.2376,,
3391,1249.3276,,
3392,3459.3064,,
3393,1453.8516,,
3394,3498.097,,
3395,1425.0901,,
3396,1520.0485,,
3397,2700.2075,,
3398,2563.3982,,
3399,5367.9946,,
3400,312.45105,,
3401,620.2178,,
3402,2099.851,,
3403,1423.6138,,
3404,2341.0068,,
3405,4191.7207,,
3406,1367.4833,,
3407,1828.7772,,
3408,1952.961,,
3409,2432.3906,,
3410,2067.5164,,
3411,6019.789,,
3412,4108.398,,
3413,1569.4441,,
3414,4113.0527,,
3415,2385.2773,,
3416,1719.5942,,
3417,3210.411,,
3418,1528.703,,
3419,875.2922,,
3420,3451.0264,,
3421,831.4512,,
3422,1116.2183,,
3423,1769.4271,,
3424,2673.9832,,
3425,3738.366,,
3426,3412.8286,,
3427,1283.4755,,
3428,2109.0325,,
3429,2808.2925,,
3430,1719.074,,
3431,2992.8596,,
3432,1252.4181,,
3433,1296.8889,,
3434,205.329,,
3435,1666.3213,,
3436,1667.686,,
3437,4885.564,,
3438,786.1792,,
3439,3535.002,,
3440,4552.92,,
3441,1509.7598,,
3442,904.74176,,
3443,2289.053,,
3444,2928.168,,
3445,2984.077,,
3446,1723.6295,,
3447,1590.6736,,
3448,787.2532,,
3449,2788.1145,,
3450,2330.2756,,
3451,1508.561,,
3452,5858.268,,
3453,2172.67,,
3454,3305.9944,,
3455,2988.9238,,
3456,2109.4546,,
3457,3030.0422,,
3458,1732.6354,,
3459,6112.1924,,
3460,603.4906,,
3461,2964.82,,
3462,62.892857,,
3463,4379.3335,,
3464,2699.0718,,
3465,752.8579,,
3466,3413.5176,,
3467,1349.9326,,
3468,159.14928,,
3469,3037.7505,,
3470,1523.1119,,
3471,2676.0305,,
3472,3004.726,,
3473,178.89162,,
3474,1529.4486,,
3475,2992.881,,
3476,1285.5106,,
3477,2762.577,,
3478,1249.1078,,
3479,2495.5657,,
3480,505.5371,,
3481,819.02875,,
3482,6375.454,,
3483,1648.3275,,
3484,1247.03,,
3485,2538.87,,
3486,3181.8745,,
3487,948.6764,,
3488,119.89606,,
3489,2204.8003,,
3490,579.3077,,
3491,4475.808,,
3492,1799.462,,
3493,1872.0818,,
3494,680.52936,,
3495,2588.0547,,
3496,4313.487,,
3497,942.89813,,
3498,4264.8193,,
3499,1828.1285,,
3500,4301.616,,
3501,994.7058,,
3502,518.4801,,
3503,2107.0317,,
3504,1004.2066,,
3505,2636.0774,,
3506,3054.6377,,
3507,4113.1035,,
3508,2167.1565,,
3509,2599.7424,,
3510,965.61694,,
3511,2972.3652,,
3512,1301.8425,,
3513,2966.2761,,
3514,515.7937,,
3515,138.4594,,
3516,1397.0198,,
3517,5183.585,,
3518,2808.2983,,
3519,4074.6084,,
3520,3807.1438,,
3521,2228.2007,,
3522,2891.173,,
3523,3163.3958,,
3524,3522.1733,,
3525,4249.2188,,
3526,4312.2163,,
3527,2156.5845,,
3528,2273.2092,,
3529,3720.6997,,
3530,2076.4058,,
3531,3714.8074,,
3532,1424.16,,
3533,3672.3591,,
3534,4120.1616,,
3535,3870.9985,,
3536,138.32764,,
3537,4535.195,,
3538,829.0611,,
3539,3349.9705,,
3540,3078.4766,,
3541,743.91925,,
3542,1874.3337,,
3543,2335.3762,,
3544,1187.5037,,
3545,2197.2812,,
3546,1907.195,,
3547,2510.5676,,
3548,1770.2084,,
3549,1264.9657,,
3550,1916.4896,,
3551,3093.1987,,
3552,2529.1123,,
3553,628.71747,,
3554,1173.258,,
3555,552.0844,,
3556,2679.0774,,
3557,552.03143,,
3558,483.7291,,
3559,3549.8247,,
3560,4820.199,,
3561,1453.4288,,
3562,3804.0674,,
3563,1286.8643,,
3564,3004.3113,,
3565,1566.9537,,
3566,178.90933,,
3567,2070.92,,
3568,1690.5573,,
3569,3267.8528,,
3570,338.9488,,
3571,2461.2764,,
3572,3195.207,,
3573,2516.319,,
3574,1996.4452,,
3575,259.17953,,
3576,5951.402,,
3577,3300.3936,,
3578,2394.2036,,
3579,1344.2817,,
3580,1838.6501,,
3581,2988.0684,,
3582,5224.0405,,
3583,3804.99,,
3584,1683.1974,,
3585,2208.486,,
3586,841.05927,,
3587,2128.7517,,
3588,2245.521,,
3589,3535.7307,,
3590,1113.1276,,
3591,3034.54,,
3592,870.59686,,
3593,1792.476,,
3594,1190.319,,
3595,1041.328,,
3596,158.30598,,
3597,2523.9707,,
3598,2606.2876,,
3599,1809.7957,,
3600,489.6968,,
3601,2030.3446,,
3602,2032.2567,,
3603,1584.6798,,
3604,27.371796,,
3605,2766.741,,
3606,1955.2775,,
3607,798.08,,
3608,398.2364,,
3609,3175.2998,,
3610,1878.6298,,
3611,3725.5422,,
3612,2289.1553,,
3613,848.9106,,
3614,1027.1641,,
3615,1681.4656,,
3616,3882.7644,,
3617,1534.132,,
3618,1109.329,,
3619,4722.583,,
3620,6170.3027,,
3621,1565.2935,,
3622,4045.517,,
3623,2502.1692,,
3624,3234.705,,
3625,1605.2219,,
3626,2558.989,,
3627,2235.7485,,
3628,487.21185,,
3629,4477.68,,
3630,2181.8518,,
3631,2357.28,,
3632,504.25473,,
3633,4285.048,,
3634,2276.0454,,
3635,486.22528,,
3636,3344.9685,,
3637,3452.479,,
3638,301.1377,,
3639,2450.9993,,
3640,4399.2495,,
3641,751.70605,,
3642,868.07935,,
3643,1629.416,,
3644,5545.684,,
3645,1615.9873,,
3646,851.0616,,
3647,2447.647,,
3648,1225.0094,,
3649,3176.6301,,
3650,1504.0659,,
3651,3212.407,,
3652,2273.86,,
3653,3118.8484,,
3654,2019.6503,,
3655,2468.8206,,
3656,2534.0615,,
3657,845.6634,,
3658,2253.5938,,
3659,1457.2113,,
3660,3463.5415,,
3661,6797.176,,
3662,2214.8616,,
3663,2706.3909,,
3664,319.31924,,
3665,2386.5913,,
3666,2958.7273,,
3667,267.852,,
3668,450.06693,,
3669,1094.6605,,
3670,599.2094,,
3671,369.74857,,
3672,3071.8928,,
3673,2864.9727,,
3674,2683.151,,
3675,4067.41,,
3676,1334.6849,,
3677,1794.2738,,
3678,1687.7006,,
3679,118.54349,,
3680,2616.2058,,
3681,3587.0745,,
3682,1269.5239,,
3683,187.70807,,
3684,1492.1636,,
3685,4388.1226,,
3686,1574.7089,,
3687,4544.748,,
3688,2173.6614,,
3689,2763.9639,,
3690,3371.9949,,
3691,3709.1592,,
3692,4319.926,,
3693,1532.7081,,
3694,2756.0776,,
3695,1225.467,,
3696,704.27094,,
3697,3455.378,,
3698,3998.2869,,
3699,1211.8367,,
3700,2365.6006,,
3701,1475.3174,,
3702,5834.1543,,
3703,289.60367,,
3704,2745.5322,,
3705,846.8153,,
3706,2601.5833,,
3707,1512.5508,,
3708,1169.0841,,
3709,2134.4617,,
3710,1787.7201,,
3711,2050.6929,,
3712,1571.9794,,
3713,2584.8354,,
3714,3194.8796,,
3715,3306.519,,
3716,1544.6049,,
3717,4347.881,,
3718,2742.2075,,
3719,5666.8916,,
3720,868.69293,,
3721,3284.0757,,
3722,2165.0256,,
3723,1965.1022,,
3724,476.05508,,
3725,2514.038,,
3726,2357.634,,
3727,4324.7856,,
3728,696.4775,,
3729,1771.223,,
3730,3218.1643,,
3731,1621.3004,,
3732,1333.2517,,
3733,2500.2878,,
3734,348.0561,,
3735,671.1175,,
3736,2747.728,,
3737,3134.4373,,
3738,2628.0078,,
3739,3166.8335,,
3740,1414.0391,,
3741,196.21716,,
3742,986.5665,,
3743,3924.3687,,
3744,4141.3965,,
3745,2181.546,,
3746,201.63878,,
3747,1859.4962,,
3748,1445.0892,,
3749,2659.214,,
3750,219.27957,,
3751,3597.6277,,
3752,3064.349,,
3753,1699.3109,,
3754,2194.1155,,
3755,2286.7456,,
3756,606.27814,,
3757,2793.152,,
3758,1997.2104,,
3759,1198.7073,,
3760,2278.948,,
3761,3480.6262,,
3762,1853.1316,,
3763,2800.4988,,
3764,2700.2869,,
3765,592.05804,,
3766,1708.791,,
3767,4029.4387,,
3768,1563.2407,,
3769,294.0876,,
3770,1747.9939,,
3771,2695.2285,,
3772,653.58984,,
3773,3619.6724,,
3774,2318.4326,,
3775,378.31564,,
3776,3674.0166,,
3777,1132.806,,
3778,2508.8586,,
3779,1042.4401,,
3780,962.94434,,
3781,1918.9043,,
3782,718.27386,,
3783,2513.1213,,
3784,669.4043,,
3785,1674.98,,
3786,1640.629,,
3787,680.04596,,
3788,4386.655,,
3789,1353.5582,,
3790,1800.812,,
3791,1053.3445,,
3792,733.6004,,
3793,688.5334,,
3794,4261.5337,,
3795,3119.018,,
3796,4630.974,,
3797,5313.353,,
3798,4640.931,,
3799,5012.4146,,
3800,1833.4818,,
3801,3067.019,,
3802,1487.2178,,
3803,2103.5037,,
3804,73.601425,,
3805,4339.831,,
3806,792.20996,,
3807,3002.022,,
3808,4528.4565,,
3809,2843.2063,,
3810,290.01294,,
3811,2024.9996,,
3812,3198.2874,,
3813,321.3892,,
3814,1280.6621,,
3815,1049.9899,,
3816,1521.2701,,
3817,3316.6038,,
3818,3110.3247,,
3819,2438.079,,
3820,2061.1104,,
3821,3092.7542,,
3822,1469.8103,,
3823,3371.7058,,
3824,3159.4766,,
3825,725.86475,,
3826,2136.0208,,
3827,880.8012,,
3828,2037.6208,,
3829,3063.2139,,
3830,5054.1216,,
3831,1982.9149,,
3832,5312.469,,
3833,2669.919,,
3834,1357.9423,,
3835,6948.2715,,
3836,1849.2439,,
3837,787.38794,,
3838,1313.1702,,
3839,1711.9545,,
3840,3015.9521,,
3841,2992.518,,
3842,367.69446,,
3843,2049.818,,
3844,4290.673,,
3845,511.35794,,
3846,2745.3096,,
3847,272.38297,,
3848,124.56099,,
3849,1169.9305,,
3850,4601.057,,
3851,3473.0557,,
3852,1529.9838,,
3853,1294.3802,,
3854,3146.7683,,
3855,299.42654,,
3856,1113.2191,,
3857,2844.5312,,
3858,3380.8499,,
3859,3335.4553,,
3860,590.2054,,
3861,1954.6744,,
3862,622.933,,
3863,6633.0986,,
3864,1533.2521,,
3865,234.84006,,
3866,485.39767,,
3867,2204.5762,,
3868,2107.453,,
3869,2924.5,,
3870,550.2076,,
3871,2783.215,,
3872,2343.775,,
3873,2561.3003,,
3874,1336.8728,,
3875,255.10324,,
3876,2027.9054,,
3877,855.2951,,
3878,-40.174824,,
3879,1708.7478,,
3880,3344.6975,,
3881,2190.2798,,
3882,650.5008,,
3883,2937.9841,,
3884,2675.8203,,
3885,2808.1448,,
3886,1150.1599,,
3887,546.688,,
3888,5299.9116,,
3889,3031.5247,,
3890,2162.3662,,
3891,3583.199,,
3892,769.47955,,
3893,159.00119,,
3894,3560.2625,,
3895,585.3495,,
3896,1322.0902,,
3897,2005.6064,,
3898,219.08029,,
3899,2722.9287,,
3900,825.348,,
3901,729.37836,,
3902,1158.6892,,
3903,1671.5941,,
3904,942.59216,,
3905,8485.286,,
3906,813.08655,,
3907,3288.524,,
3908,77.51077,,
3909,593.3716,,
3910,2247.1519,,
3911,1104.3188,,
3912,3844.3643,,
3913,1043.3153,,
3914,2002.5222,,
3915,5187.128,,
3916,1558.1808,,
3917,3716.9531,,
3918,3662.9512,,
3919,1748.937,,
3920,1831.7462,,
3921,2842.5793,,
3922,5124.952,,
3923,2081.173,,
3924,1709.2916,,
3925,2305.871,,
3926,2161.7036,,
3927,1923.5527,,
3928,12.22438,,
3929,2602.5576,,
3930,2130.2427,,
3931,913.20605,,
3932,2082.284,,
3933,2597.2502,,
3934,1920.7216,,
3935,2022.5162,,
3936,1915.7073,,
3937,721.96545,,
3938,1090.1886,,
3939,141.00037,,
3940,1689.0441,,
3941,2611.5945,,
3942,2258.225,,
3943,724.32196,,
3944,761.933,,
3945,1409.671,,
3946,1247.1497,,
3947,1174.3447,,
3948,1294.2847,,
3949,3555.6025,,
3950,1457.5653,,
3951,2092.5588,,
3952,1143.2247,,
3953,1352.844,,
3954,2190.5374,,
3955,4229.8037,,
3956,1535.6068,,
3957,4166.1094,,
3958,3539.7961,,
3959,573.12256,,
3960,1018.9622,,
3961,2180.2693,,
3962,4747.3955,,
3963,3445.4868,,
3964,2164.48,,
3965,1061.756,,
3966,4160.4976,,
3967,6633.6787,,
3968,3090.3816,,
3969,2964.1853,,
3970,433.46594,,
3971,2572.0305,,
3972,4118.7285,,
3973,1993.055,,
3974,3899.351,,
3975,2482.3916,,
3976,2820.0051,,
3977,780.75696,,
3978,1952.9495,,
3979,518.48865,,
3980,1457.9744,,
3981,1601.1045,,
3982,3484.9634,,
3983,448.79666,,
3984,2827.535,,
3985,4167.2544,,
3986,3368.6973,,
3987,904.9239,,
3988,1221.6189,,
3989,2008.7615,,
3990,535.74536,,
3991,5770.395,,
3992,573.2714,,
3993,3885.566,,
3994,240.17719,,
3995,2685.451,,
3996,1900.783,,
3997,2198.6453,,
3998,4541.082,,
3999,1154.5198,,
4000,565.86444,,
4001,1090.1152,,
4002,1698.7494,,
4003,680.7376,,
4004,4788.0073,,
4005,1342.1558,,
4006,1762.8444,,
4007,4850.9175,,
4008,405.36395,,
4009,1738.1882,,
4010,41.112286,,
4011,2758.0732,,
4012,1218.5786,,
4013,1806.2396,,
4014,3642.5742,,
4015,540.8526,,
4016,2745.9092,,
4017,128.46588,,
4018,1286.327,,
4019,5543.0054,,
4020,5790.235,,
4021,3815.9092,,
4022,4176.213,,
4023,2754.0098,,
4024,2972.6448,,
4025,1166.6295,,
4026,221.08556,,
4027,2320.2954,,
4028,2272.1367,,
4029,1916.0696,,
4030,841.6541,,
4031,3315.5793,,
4032,2607.651,,
4033,2677.703,,
4034,3158.943,,
4035,3042.1006,,
4036,380.54156,,
4037,2920.573,,
4038,3196.3694,,
4039,3283.809,,
4040,3637.2412,,
4041,1509.2767,,
4042,287.33414,,
4043,2741.475,,
4044,4240.1245,,
4045,5174.101,,
4046,28.289358,,
4047,1892.7769,,
4048,260.94913,,
4049,2191.7275,,
4050,2238.6018,,
4051,1235.302,,
4052,85.493195,,
4053,1187.4742,,
4054,297.7685,,
4055,3606.2927,,
4056,5749.018,,
4057,9974.252,,
4058,571.6923,,
4059,187.70877,,
4060,1243.0311,,
4061,2636.977,,
4062,2775.7195,,
4063,3028.9434,,
4064,941.53204,,
4065,1686.8022,,
4066,3016.43,,
4067,1861.022,,
4068,5715.8735,,
4069,475.7115,,
4070,4402.9873,,
4071,2372.2073,,
4072,3234.7607,,
4073,4176.1855,,
4074,2296.1528,,
4075,3181.917,,
4076,1685.0289,,
4077,-29.146404,,
4078,2845.1138,,
4079,4181.4204,,
4080,2551.1296,,
4081,1688.3353,,
4082,2879.3398,,
4083,267.59695,,
4084,862.9966,,
4085,915.3101,,
4086,6081.746,,
4087,4294.582,,
4088,3129.008,,
4089,2714.2388,,
4090,3306.9526,,
4091,2686.566,,
4092,2557.8923,,
4093,1018.2866,,
4094,176.32593,,
4095,1906.8054,,
4096,1440.8304,,
4097,19.734692,,
4098,3657.3787,,
4099,1805.3564,,
4100,3651.6282,,
4101,1656.163,,
4102,2228.4487,,
4103,2861.7715,,
4104,28.45336,,
4105,2939.1663,,
4106,4437.474,,
4107,2380.8503,,
4108,705.33453,,
4109,2549.5073,,
4110,1873.4799,,
4111,1201.1428,,
4112,2168.3645,,
4113,2018.4229,,
4114,2421.0786,,
4115,1927.5941,,
4116,817.74744,,
4117,1222.7261,,
4118,2369.2761,,
4119,1311.842,,
4120,1418.6282,,
4121,3485.9575,,
4122,820.39197,,
4123,1455.6594,,
4124,2247.12,,
4125,3562.8215,,
4126,1237.6979,,
4127,531.36554,,
4128,1554.9019,,
4129,1111.037,,
4130,5061.241,,
4131,3243.6675,,
4132,913.32306,,
4133,2684.0994,,
4134,3556.5952,,
4135,1637.8197,,
4136,-271.03262,,
4137,3065.698,,
4138,786.50616,,
4139,2236.1611,,
4140,3100.947,,
4141,2349.2761,,
4142,1417.9219,,
4143,2393.0535,,
4144,3859.8623,,
4145,2260.7622,,
4146,5443.183,,
4147,315.71118,,
4148,1203.6957,,
4149,2941.3364,,
4150,3149.986,,
4151,811.44183,,
4152,3155.5364,,
4153,385.88535,,
4154,2057.6526,,
4155,820.10974,,
4156,1825.5638,,
4157,1549.6438,,
4158,4186.0566,,
4159,409.35013,,
4160,2237.8518,,
4161,339.12143,,
4162,1281.5026,,
4163,4688.484,,
4164,2008.1516,,
4165,1866.8207,,
4166,521.43146,,
4167,3101.8276,,
4168,3212.7732,,
4169,1537.4451,,
4170,2912.0068,,
4171,1967.0303,,
4172,1647.6273,,
4173,2820.1592,,
4174,3779.344,,
4175,2385.6807,,
4176,1684.5463,,
4177,2518.605,,
4178,2730.171,,
4179,1504.0714,,
4180,3214.2366,,
4181,690.84155,,
4182,4171.833,,
4183,620.72235,,
4184,1591.9916,,
4185,6394.441,,
4186,1033.6792,,
4187,54.08387,,
4188,829.88544,,
4189,1463.3129,,
4190,704.48865,,
4191,898.21655,,
4192,2344.0435,,
4193,1499.6307,,
4194,4299.0376,,
4195,3440.5217,,
4196,2675.901,,
4197,2189.2507,,
4198,1674.9475,,
4199,3131.2537,,
4200,3189.6672,,
4201,2919.7698,,
4202,2728.689,,
4203,3037.4907,,
4204,2287.04,,
4205,3531.491,,
4206,1934.7274,,
4207,1829.4058,,
4208,479.92972,,
4209,5340.9546,,
4210,237.09595,,
4211,2698.3315,,
4212,504.53305,,
4213,2063.8616,,
4214,2541.9539,,
4215,541.8261,,
4216,2136.4905,,
4217,1732.8444,,
4218,2119.4858,,
4219,5324.2163,,
4220,1360.2094,,
4221,1858.8104,,
4222,2629.0544,,
4223,1109.8928,,
4224,356.01797,,
4225,2112.5088,,
4226,318.2957,,
4227,1994.2699,,
4228,1711.878,,
4229,-140.20993,,
4230,2360.6343,,
4231,235.48949,,
4232,1317.148,,
4233,1956.8114,,
4234,1718.7327,,
4235,1286.8976,,
4236,2753.411,,
4237,1982.2236,,
4238,1016.0552,,
4239,1539.2719,,
4240,705.3705,,
4241,2352.727,,
4242,1430.7649,,
4243,1125.5837,,
4244,1331.2358,,
4245,263.64188,,
4246,1841.5344,,
4247,1909.276,,
4248,727.1946,,
4249,3962.5593,,
4250,200.2588,,
4251,6208.216,,
4252,1201.0776,,
4253,200.91008,,
4254,1650.214,,
4255,142.07507,,
4256,991.5636,,
4257,1203.0315,,
4258,1092.2157,,
4259,665.3188,,
4260,2998.67,,
4261,2650.0154,,
4262,451.5464,,
4263,3060.38,,
4264,793.05695,,
4265,4495.8037,,
4266,1222.6354,,
4267,1554.1416,,
4268,2157.6074,,
4269,2135.9082,,
4270,6511.8086,,
4271,1853.8547,,
4272,2158.629,,
4273,2537.683,,
4274,3631.3213,,
4275,2026.3885,,
4276,161.25562,,
4277,5409.3867,,
4278,2729.4106,,
4279,6010.678,,
4280,3276.8865,,
4281,1607.5295,,
4282,1832.8381,,
4283,2052.7576,,
4284,3585.0337,,
4285,2186.811,,
4286,2457.1274,,
4287,1973.9264,,
4288,293.81992,,
4289,2238.917,,
4290,2968.305,,
4291,1004.2492,,
4292,1202.9991,,
4293,105.73812,,
4294,2172.4517,,
4295,3795.9028,,
4296,1901.3293,,
4297,2045.0078,,
4298,2033.5404,,
4299,550.4689,,
4300,1392.1658,,
4301,2120.489,,
4302,574.65265,,
4303,1887.4961,,
4304,1491.2014,,
4305,1279.287,,
4306,979.3695,,
4307,2861.8953,,
4308,1028.2053,,
4309,1082.2019,,
4310,2822.0767,,
4311,2716.045,,
4312,3162.8337,,
4313,3101.2422,,
4314,1046.4874,,
4315,-108.650635,,
4316,1739.24,,
4317,-416.58493,,
4318,3355.1096,,
4319,4512.449,,
4320,1190.6357,,
4321,333.3938,,
4322,272.0054,,
4323,3416.1042,,
4324,2243.4692,,
4325,1692.854,,
4326,2962.324,,
4327,849.2421,,
4328,734.7145,,
4329,2535.2424,,
4330,1038.7045,,
4331,4152.836,,
4332,3983.7466,,
4333,659.44006,,
4334,2932.6917,,
4335,616.00433,,
4336,453.0494,,
4337,1818.697,,
4338,1210.4026,,
4339,1699.8212,,
4340,228.85017,,
4341,2853.5962,,
4342,3384.9927,,
4343,1244.842,,
4344,1623.9025,,
4345,1208.7637,,
4346,3637.1045,,
4347,1028.5166,,
4348,1478.811,,
4349,638.2866,,
4350,285.6522,,
4351,3613.0964,,
4352,3518.3843,,
4353,2372.3147,,
4354,3892.6946,,
4355,1476.7491,,
4356,2595.9568,,
4357,2152.9421,,
4358,473.09674,,
4359,498.19308,,
4360,448.2714,,
4361,3115.9895,,
4362,4419.731,,
4363,1585.7987,,
4364,3899.3828,,
4365,-18.317566,,
4366,5042.125,,
4367,2376.1401,,
4368,3097.7427,,
4369,671.586,,
4370,1758.103,,
4371,5788.89,,
4372,660.4526,,
4373,1778.3854,,
4374,2938.8447,,
4375,3015.3538,,
4376,1149.947,,
4377,841.60645,,
4378,4923.632,,
4379,4310.956,,
4380,2010.336,,
4381,5929.894,,
4382,1521.312,,
4383,2819.8706,,
4384,3288.4038,,
4385,3583.7756,,
4386,1581.4028,,
4387,711.02637,,
4388,1747.6744,,
4389,1345.7983,,
4390,4983.167,,
4391,968.01135,,
4392,2434.591,,
4393,1671.9117,,
4394,3389.2727,,
4395,3963.5325,,
4396,2283.1118,,
4397,1232.098,,
4398,944.5327,,
4399,1607.8672,,
4400,1099.7694,,
4401,695.13336,,
4402,1226.1127,,
4403,1893.8647,,
4404,2337.9214,,
4405,2044.586,,
4406,4924.994,,
4407,1666.2876,,
4408,1629.8506,,
4409,114.15237,,
4410,1408.2734,,
4411,1561.622,,
4412,2420.8792,,
4413,3875.5244,,
4414,4133.6445,,
4415,1357.5165,,
4416,2124.372,,
4417,2692.3105,,
4418,128.78275,,
4419,1367.2925,,
4420,747.86694,,
4421,131.54407,,
4422,1443.7953,,
4423,2435.5405,,
4424,356.16153,,
4425,1628.356,,
4426,3487.1375,,
4427,5831.469,,
4428,4037.0808,,
4429,1594.8392,,
4430,682.09424,,
4431,348.9859,,
4432,4328.834,,
4433,989.84247,,
4434,4226.3555,,
4435,46.264183,,
4436,1630.7496,,
4437,2481.3523,,
4438,301.5555,,
4439,1136.391,,
4440,259.51102,,
4441,2787.5234,,
4442,980.78046,,
4443,596.9954,,
4444,4285.9785,,
4445,1606.5046,,
4446,211.42796,,
4447,1529.0244,,
4448,2150.7397,,
4449,2143.3694,,
4450,435.79593,,
4451,383.70416,,
4452,1350.0487,,
4453,1050.7109,,
4454,2749.1995,,
4455,288.35806,,
4456,1128.7683,,
4457,946.82056,,
4458,1369.2847,,
4459,1152.2969,,
4460,1698.5984,,
4461,3193.7888,,
4462,5117.505,,
4463,718.0649,,
4464,3045.2126,,
4465,2130.479,,
4466,2068.3994,,
4467,2320.3645,,
4468,785.8375,,
4469,1257.166,,
4470,2584.801,,
4471,902.1689,,
4472,1096.0125,,
4473,5057.862,,
4474,1771.6302,,
4475,2377.589,,
4476,3222.78,,
4477,1232.6539,,
4478,1186.8756,,
4479,1387.9735,,
4480,336.06775,,
4481,999.146,,
4482,2196.8909,,
4483,3252.2466,,
4484,1027.0591,,
4485,2568.774,,
4486,3084.242,,
4487,3168.9321,,
4488,3636.8408,,
4489,1630.0992,,
4490,2822.8645,,
4491,3242.9082,,
4492,3123.9724,,
4493,1407.7297,,
4494,1232.223,,
4495,2427.4138,,
4496,561.204,,
4497,4335.458,,
4498,3863.8877,,
4499,3012.8496,,
4500,2854.3518,,
4501,2398.107,,
4502,1381.326,,
4503,4538.8833,,
4504,4174.265,,
4505,810.4759,,
4506,2860.9355,,
4507,2782.1453,,
4508,4991.696,,
4509,1930.9165,,
4510,3269.3396,,
4511,253.19846,,
4512,4390.134,,
4513,4582.5356,,
4514,2799.5,,
4515,754.3533,,
4516,1511.4025,,
4517,3573.0508,,
4518,2991.9915,,
4519,3859.4663,,
4520,2045.2477,,
4521,1393.1644,,
4522,1232.9006,,
4523,4548.822,,
4524,1903.1313,,
4525,1802.4932,,
4526,3031.1135,,
4527,4085.4565,,
4528,4335.7676,,
4529,5676.616,,
4530,588.0573,,
4531,1244.2301,,
4532,628.58765,,
4533,4368.6255,,
4534,197.02838,,
4535,1403.7665,,
4536,3121.7734,,
4537,973.2953,,
4538,2203.916,,
4539,3124.6196,,
4540,2857.0918,,
4541,1287.8964,,
4542,1069.1226,,
4543,415.2492,,
4544,2011.8204,,
4545,80.88702,,
4546,6012.465,,
4547,1957.8568,,
4548,1730.2373,,
4549,227.61848,,
4550,3277.7266,,
4551,479.57758,,
4552,2457.676,,
4553,3232.0789,,
4554,1727.0663,,
4555,2649.462,,
4556,5913.9487,,
4557,885.2129,,
4558,3485.1382,,
4559,2484.6802,,
4560,2638.6887,,
4561,295.81088,,
4562,860.7083,,
4563,3634.851,,
4564,2384.1384,,
4565,4193.961,,
4566,4213.486,,
4567,2882.2012,,
4568,2848.4795,,
4569,4324.889,,
4570,5249.796,,
4571,-17.698856,,
4572,4201.3794,,
4573,2514.3962,,
4574,745.33246,,
4575,237.03587,,
4576,4512.417,,
4577,351.5667,,
4578,2293.4917,,
4579,641.786,,
4580,4063.8105,,
4581,3263.9797,,
4582,1463.5303,,
4583,3846.1946,,
4584,2344.3054,,
4585,2147.989,,
4586,5379.825,,
4587,4121.209,,
4588,2439.8271,,
4589,2244.2769,,
4590,628.58673,,
4591,97.51835,,
4592,4498.3184,,
4593,5220.9355,,
4594,1985.6222,,
4595,2649.8347,,
4596,2925.068,,
4597,2589.7886,,
4598,1994.9752,,
4599,1268.4476,,
4600,1629.5754,,
4601,4660.094,,
4602,2635.4946,,
4603,1474.1233,,
4604,1310.0948,,
4605,2778.4377,,
4606,2085.762,,
4607,1306.1233,,
4608,3169.6626,,
4609,2210.488,,
4610,5056.6636,,
4611,1996.5396,,
4612,2088.9338,,
4613,2060.301,,
4614,683.52136,,
4615,2766.1582,,
4616,346.51654,,
4617,1572.9617,,
4618,4040.2644,,
4619,766.0732,,
4620,792.0471,,
4621,4517.7207,,
4622,5257.724,,
4623,1918.2246,,
4624,1243.5173,,
4625,4924.312,,
4626,530.97296,,
4627,5077.5464,,
4628,2376.909,,
4629,2397.153,,
4630,2885.0413,,
4631,43.363083,,
4632,174.77159,,
4633,1415.7994,,
4634,2723.8635,,
4635,2782.6104,,
4636,4714.7695,,
4637,603.35315,,
4638,2525.8938,,
4639,2849.0493,,
4640,-17.071377,,
4641,2921.425,,
4642,1504.3883,,
4643,4006.2566,,
4644,4322.596,,
4645,2401.3792,,
4646,2435.4895,,
4647,2777.6968,,
4648,1840.4017,,
4649,1508.4277,,
4650,751.18274,,
4651,744.074,,
4652,1449.0033,,
4653,1211.4651,,
4654,125.09065,,
4655,800.3983,,
4656,4527.864,,
4657,1338.0508,,
4658,1203.8076,,
4659,892.41003,,
4660,152.52188,,
4661,3925.1482,,
4662,1326.9705,,
4663,2696.5461,,
4664,1315.6757,,
4665,412.66095,,
4666,3355.2063,,
4667,1496.8641,,
4668,2738.6775,,
4669,868.8329,,
4670,1399.2048,,
4671,46.335964,,
4672,673.8762,,
4673,4522.6724,,
4674,335.15344,,
4675,2506.7654,,
4676,697.2348,,
4677,2909.0957,,
4678,1046.9895,,
4679,2789.896,,
4680,2661.8179,,
4681,1745.8866,,
4682,720.01324,,
4683,155.80447,,
4684,2312.227,,
4685,190.95505,,
4686,1169.3705,,
4687,565.295,,
4688,3606.6501,,
4689,877.3765,,
4690,696.5654,,
4691,2785.031,,
4692,1651.9319,,
4693,5225.4053,,
4694,3723.7888,,
4695,1909.7891,,
4696,4305.84,,
4697,1652.321,,
4698,2500.7178,,
4699,2388.3567,,
4700,3530.2673,,
4701,723.0807,,
4702,2782.5164,,
4703,1390.1647,,
4704,3082.2227,,
4705,904.39996,,
4706,766.841,,
4707,4656.0337,,
4708,406.91028,,
4709,2371.4194,,
4710,2336.4924,,
4711,2078.7056,,
4712,1149.6274,,
4713,167.0881,,
4714,2314.992,,
4715,3515.4165,,
4716,2213.1313,,
4717,2494.6914,,
4718,1979.8151,,
4719,380.7539,,
4720,2166.634,,
4721,3921.4443,,
4722,196.42628,,
4723,3791.951,,
4724,2557.6965,,
4725,3257.0002,,
4726,389.48465,,
4727,392.5225,,
4728,1884.906,,
4729,2139.911,,
4730,2188.3442,,
4731,1309.8632,,
4732,3211.974,,
4733,222.55959,,
4734,1358.4901,,
4735,1533.415,,
4736,1105.8496,,
4737,2342.6694,,
4738,1600.2605,,
4739,2356.221,,
4740,3107.265,,
4741,-27.511799,,
4742,1474.55,,
4743,3866.6582,,
4744,3384.5806,,
4745,712.65784,,
4746,2980.1895,,
4747,2348.688,,
4748,2493.3804,,
4749,3941.1934,,
4750,4513.8145,,
4751,811.7338,,
4752,3466.054,,
4753,2577.793,,
4754,3462.293,,
4755,90.95592,,
4756,2032.9099,,
4757,1647.384,,
4758,3109.8374,,
4759,1577.9686,,
4760,769.896,,
4761,5998.217,,
4762,1012.1102,,
4763,573.1662,,
4764,2162.412,,
4765,283.85822,,
4766,3512.142,,
4767,3876.246,,
4768,2301.1282,,
4769,936.5074,,
4770,265.22067,,
4771,2846.9626,,
4772,23.87149,,
4773,542.3472,,
4774,2640.9607,,
4775,163.48076,,
4776,2654.835,,
4777,2031.7,,
4778,1577.4432,,
4779,365.86707,,
4780,251.17259,,
4781,2752.8772,,
4782,2156.2227,,
4783,1681.7257,,
4784,747.58777,,
4785,3885.9673,,
4786,3268.8562,,
4787,4650.84,,
4788,2212.5886,,
4789,2853.9192,,
4790,2812.7473,,
4791,621.08386,,
4792,1650.9167,,
4793,2232.8276,,
4794,1931.9489,,
4795,4327.2056,,
4796,3720.8225,,
4797,1530.4153,,
4798,3303.0024,,
4799,677.0814,,
4800,7007.694,,
4801,763.1823,,
4802,4179.702,,
4803,259.97528,,
4804,290.07986,,
4805,2924.9558,,
4806,264.47568,,
4807,2025.917,,
4808,2207.0862,,
4809,1599.3392,,
4810,4350.0405,,
4811,1316.2579,,
4812,182.49092,,
4813,2618.792,,
4814,1810.3212,,
4815,2987.9714,,
4816,1062.4445,,
4817,942.5211,,
4818,2481.2458,,
4819,2098.787,,
4820,245.86804,,
4821,2210.7063,,
4822,1737.0162,,
4823,1164.716,,
4824,550.28156,,
4825,3748.1135,,
4826,1193.2375,,
4827,1945.5066,,
4828,1298.2832,,
4829,1399.4587,,
4830,310.69778,,
4831,4544.1743,,
4832,920.8777,,
4833,526.1246,,
4834,2006.6495,,
4835,2576.8608,,
4836,4595.5474,,
4837,497.68228,,
4838,3438.77,,
4839,3527.682,,
4840,3338.1223,,
4841,2411.6184,,
4842,178.48851,,
4843,2318.268,,
4844,1137.1571,,
4845,3545.2412,,
4846,349.2121,,
4847,3504.162,,
4848,4110.7827,,
4849,1681.6299,,
4850,3046.887,,
4851,2639.5552,,
4852,2421.821,,
4853,1762.7197,,
4854,560.24426,,
4855,2017.5863,,
4856,2543.6082,,
4857,2628.4202,,
4858,844.43945,,
4859,4203.583,,
4860,2579.4514,,
4861,3335.6013,,
4862,1421.5419,,
4863,2987.3235,,
4864,856.6332,,
4865,2518.3506,,
4866,4170.0312,,
4867,5692.519,,
4868,2458.2324,,
4869,1610.9519,,
4870,1302.9594,,
4871,589.3017,,
4872,6979.0137,,
4873,2133.9465,,
4874,3861.6082,,
4875,2163.762,,
4876,2328.7625,,
4877,1241.6376,,
4878,404.705,,
4879,1743.358,,
4880,421.53088,,
4881,864.1588,,
4882,846.5665,,
4883,3145.8809,,
4884,1159.5039,,
4885,2960.796,,
4886,4747.1855,,
4887,2562.7188,,
4888,-40.550125,,
4889,4496.828,,
4890,1338.4998,,
4891,1287.7909,,
4892,3547.8809,,
4893,3210.2988,,
4894,1423.7267,,
4895,2777.0112,,
4896,1633.6991,,
4897,3215.8323,,
4898,3419.126,,
4899,1285.1472,,
4900,2515.029,,
4901,3648.4604,,
4902,253.16414,,
4903,1720.5619,,
4904,3993.1838,,
4905,3879.284,,
4906,720.52954,,
4907,1445.2999,,
4908,1076.0627,,
4909,2547.1428,,
4910,4518.519,,
4911,4598.7715,,
4912,2846.519,,
4913,3128.154,,
4914,899.9542,,
4915,1307.8715,,
4916,1676.0056,,
4917,202.3539,,
4918,2851.976,,
4919,317.25616,,
4920,2148.9646,,
4921,8077.376,,
4922,1870.0265,,
4923,3405.9614,,
4924,2954.7144,,
4925,2578.0198,,
4926,1283.6918,,
4927,1743.9106,,
4928,141.37723,,
4929,4150.9365,,
4930,446.75772,,
4931,4692.1294,,
4932,4059.055,,
4933,2867.3909,,
4934,1765.887,,
4935,531.527,,
4936,2422.38,,
4937,2060.428,,
4938,1991.4224,,
4939,4312.817,,
4940,2481.6965,,
4941,1456.2725,,
4942,2005.538,,
4943,2121.7314,,
4944,2206.879,,
4945,1574.73,,
4946,1794.696,,
4947,2978.7373,,
4948,1201.2239,,
4949,629.3564,,
4950,3295.832,,
4951,2530.5762,,
4952,2190.5137,,
4953,1544.1594,,
4954,2642.2754,,
4955,2638.8381,,
4956,2501.4224,,
4957,2705.901,,
4958,302.88565,,
4959,268.1061,,
4960,1254.771,,
4961,1556.6681,,
4962,2154.2737,,
4963,1668.7577,,
4964,561.9729,,
4965,1640.9044,,
4966,230.16554,,
4967,1595.9454,,
4968,7411.4985,,
4969,721.66766,,
4970,1501.6653,,
4971,167.78294,,
4972,1370.345,,
4973,1651.597,,
4974,2996.1704,,
4975,1673.7119,,
4976,1.5300462,,
4977,930.337,,
4978,2016.5898,,
4979,2012.1823,,
4980,3408.281,,
4981,4242.842,,
4982,1781.7283,,
4983,1161.7949,,
4984,2118.893,,
4985,31.29092,,
4986,2996.565,,
4987,1854.15,,
4988,1898.1444,,
4989,511.4613,,
4990,1550.953,,
4991,4886.744,,
4992,779.90924,,
4993,834.36676,,
4994,3415.6545,,
4995,220.85962,,
4996,1643.4597,,
4997,2098.7576,,
4998,583.0677,,
4999,297.97714,,
5000,281.8584,,
5001,1327.9789,,
5002,1592.5215,,
5003,1239.6328,,
5004,1499.8171,,
5005,973.50494,,
5006,1101.0763,,
5007,1025.4557,,
5008,1067.3035,,
5009,2267.5608,,
5010,1764.3949,,
5011,1741.5089,,
5012,1275.0945,,
5013,3770.148,,
5014,4375.5825,,
5015,1487.9158,,
5016,73.63405,,
5017,4050.0273,,
5018,807.03046,,
5019,1236.8676,,
5020,1015.1179,,
5021,1061.8242,,
5022,777.11017,,
5023,2318.5,,
5024,1908.8849,,
5025,1747.7955,,
5026,317.5431,,
5027,141.59201,,
5028,1352.8491,,
5029,1673.1569,,
5030,2139.6777,,
5031,30.543043,,
5032,2113.5833,,
5033,1582.4603,,
5034,1708.1545,,
5035,4812.478,,
5036,4201.3286,,
5037,4670.9585,,
5038,2056.8147,,
5039,1105.7198,,
5040,4206.6064,,
5041,3758.4226,,
5042,4448.2407,,
5043,403.62564,,
5044,2613.6243,,
5045,2830.3264,,
5046,293.12103,,
5047,780.54645,,
5048,1911.592,,
5049,4265.273,,
5050,4269.389,,
5051,168.61761,,
5052,1104.4608,,
5053,4042.1255,,
5054,347.47443,,
5055,3873.4448,,
5056,3867.2231,,
5057,3530.3564,,
5058,906.39545,,
5059,3470.0874,,
5060,2857.1318,,
5061,68.66267,,
5062,3260.186,,
5063,2788.8784,,
5064,1922.528,,
5065,2151.6042,,
5066,4378.4214,,
5067,2198.5898,,
5068,1418.1239,,
5069,1980.427,,
5070,2358.7302,,
5071,-30.790817,,
5072,685.69604,,
5073,1225.1058,,
5074,2394.7205,,
5075,1418.2899,,
5076,3436.86,,
5077,2950.7258,,
5078,5245.0933,,
5079,5959.7583,,
5080,1680.2218,,
5081,2218.9885,,
5082,819.4158,,
5083,3989.4329,,
5084,3180.4243,,
5085,1985.0848,,
5086,3786.8499,,
5087,3133.9011,,
5088,443.09625,,
5089,2578.498,,
5090,3545.3987,,
5091,1901.9629,,
5092,3465.7703,,
5093,1374.8767,,
5094,3742.5278,,
5095,3217.7097,,
5096,2346.7786,,
5097,1465.3252,,
5098,58.000237,,
5099,2155.7268,,
5100,1995.6614,,
5101,644.3555,,
5102,370.908,,
5103,3597.779,,
5104,2979.0024,,
5105,612.97485,,
5106,511.6842,,
5107,2335.2712,,
5108,3157.5645,,
5109,669.6075,,
5110,1522.2227,,
5111,1767.0259,,
5112,-139.64417,,
5113,1619.075,,
5114,556.50885,,
5115,829.5772,,
5116,253.91342,,
5117,3120.6404,,
5118,824.85974,,
5119,3697.4053,,
5120,362.60657,,
5121,184.7729,,
5122,786.3255,,
5123,1017.1297,,
5124,1856.4932,,
5125,1833.6492,,
5126,1732.6354,,
5127,1191.452,,
5128,5037.8735,,
5129,2309.021,,
5130,1829.4377,,
5131,2253.808,,
5132,2080.2847,,
5133,861.18774,,
5134,4766.7344,,
5135,3103.1753,,
5136,4569.669,,
5137,2303.7964,,
5138,1864.0242,,
5139,3909.5315,,
5140,2793.5142,,
5141,2928.0396,,
5142,2094.5425,,
5143,547.71906,,
5144,3119.6929,,
5145,1332.4661,,
5146,2223.484,,
5147,4211.354,,
5148,1278.3961,,
5149,3946.8198,,
5150,2790.3628,,
5151,3974.4038,,
5152,5399.107,,
5153,1826.2434,,
5154,2861.0747,,
5155,687.3369,,
5156,2681.7014,,
5157,147.68843,,
5158,1757.5872,,
5159,2274.8044,,
5160,2245.855,,
5161,3266.5437,,
5162,2156.105,,
5163,4393.6274,,
5164,2898.8977,,
5165,661.3837,,
5166,881.0609,,
5167,380.41644,,
5168,267.61343,,
5169,1764.03,,
5170,1310.0045,,
5171,1472.7599,,
5172,2629.2375,,
5173,4613.4956,,
5174,1453.5172,,
5175,405.38025,,
5176,3158.1543,,
5177,1709.0343,,
5178,2842.4658,,
5179,1418.9576,,
5180,202.19228,,
5181,1188.584,,
5182,603.354,,
5183,2352.4683,,
5184,1302.3301,,
5185,1539.4799,,
5186,1633.1472,,
5187,1970.6951,,
5188,2568.0479,,
5189,4074.4016,,
5190,353.59363,,
5191,1048.3099,,
5192,2162.904,,
5193,2448.6335,,
5194,4147.697,,
5195,1893.3119,,
5196,1512.7723,,
5197,319.12418,,
5198,519.7932,,
5199,4128.638,,
5200,2814.1182,,
5201,1953.766,,
5202,1237.6803,,
5203,960.005,,
5204,3179.5781,,
5205,1441.1039,,
5206,3804.2795,,
5207,2891.651,,
5208,288.04474,,
5209,2969.973,,
5210,1551.8153,,
5211,6063.105,,
5212,350.92706,,
5213,2491.5269,,
5214,1604.356,,
5215,2288.1697,,
5216,1400.6292,,
5217,3790.926,,
5218,2800.326,,
5219,2866.5085,,
5220,4641.9365,,
5221,1237.3827,,
5222,6185.6616,,
5223,-271.4495,,
5224,2265.8486,,
5225,2193.416,,
5226,772.5547,,
5227,1020.0464,,
5228,3313.661,,
5229,608.0521,,
5230,3109.7864,,
5231,804.0485,,
5232,2426.2407,,
5233,3077.1685,,
5234,3424.5757,,
5235,1790.5071,,
5236,2327.037,,
5237,1975.5782,,
5238,2450.2368,,
5239,1910.7233,,
5240,2854.9346,,
5241,4075.7437,,
5242,2380.9856,,
5243,2157.57,,
5244,4072.519,,
5245,2756.969,,
5246,461.72723,,
5247,-17.38463,,
5248,1185.8134,,
5249,185.37856,,
5250,3174.7358,,
5251,2188.318,,
5252,5719.4263,,
5253,2655.2585,,
5254,4974.1167,,
5255,3087.133,,
5256,4215.83,,
5257,5360.2637,,
5258,2791.6099,,
5259,1216.3071,,
5260,702.7341,,
5261,3180.258,,
5262,609.40765,,
5263,420.79312,,
5264,812.61536,,
5265,1551.5819,,
5266,3365.6677,,
5267,621.74316,,
5268,1026.4087,,
5269,1400.3522,,
5270,737.14374,,
5271,1348.6625,,
5272,5354.848,,
5273,6055.696,,
5274,2949.983,,
5275,914.47003,,
5276,3758.3748,,
5277,272.70514,,
5278,2878.2356,,
5279,1663.6368,,
5280,1449.7953,,
5281,731.55914,,
5282,1927.0839,,
5283,2890.0464,,
5284,1558.1478,,
5285,2893.4514,,
5286,3574.499,,
5287,1399.2737,,
5288,582.6344,,
5289,1435.1509,,
5290,446.7628,,
5291,628.3445,,
5292,2960.7002,,
5293,278.82056,,
5294,4228.3613,,
5295,2336.4338,,
5296,4038.027,,
5297,2042.8347,,
5298,1377.5114,,
5299,1545.4733,,
5300,1147.4971,,
5301,3655.2498,,
5302,2693.5774,,
5303,447.65662,,
5304,223.39282,,
5305,4612.542,,
5306,3391.2065,,
5307,1723.1569,,
5308,671.2769,,
5309,412.97076,,
5310,3658.8218,,
5311,1725.7335,,
5312,850.3736,,
5313,3839.209,,
5314,1724.1545,,
5315,4843.9287,,
5316,838.0036,,
5317,184.2157,,
5318,2621.3113,,
5319,1831.6833,,
5320,5546.059,,
5321,1413.0629,,
5322,3741.9746,,
5323,1339.9878,,
5324,3584.488,,
5325,1804.8523,,
5326,2854.2095,,
5327,230.4268,,
5328,6050.169,,
5329,311.2044,,
5330,3533.5054,,
5331,3093.3423,,
5332,2649.0105,,
5333,705.823,,
5334,2770.9382,,
5335,685.8204,,
5336,297.56662,,
5337,1541.0446,,
5338,4245.323,,
5339,3517.5332,,
5340,1999.5955,,
5341,2026.8396,,
5342,2956.9685,,
5343,1453.3595,,
5344,2522.2212,,
5345,2839.4497,,
5346,1322.6625,,
5347,2799.1077,,
5348,5253.346,,
5349,2407.7832,,
5350,717.9916,,
5351,1529.9355,,
5352,2665.7278,,
5353,2364.3691,,
5354,1775.5847,,
5355,5131.2905,,
5356,1834.5137,,
5357,228.89731,,
5358,1945.149,,
5359,1895.7822,,
5360,2628.6694,,
5361,2231.4812,,
5362,378.13303,,
5363,1442.689,,
5364,3278.7708,,
5365,1841.8029,,
5366,1904.6088,,
5367,1833.2411,,
5368,1820.0012,,
5369,1868.2229,,
5370,708.97485,,
5371,3567.4783,,
5372,733.01,,
5373,4839.5522,,
5374,2177.7842,,
5375,2121.0747,,
5376,806.47015,,
5377,742.53107,,
5378,1079.3893,,
5379,6180.8667,,
5380,2224.4692,,
5381,7085.256,,
5382,3143.92,,
5383,1158.6927,,
5384,2012.0968,,
5385,2435.1663,,
5386,4012.2134,,
5387,3456.6714,,
5388,64.2182,,
5389,5320.0815,,
5390,3597.3567,,
5391,1690.9279,,
5392,433.16357,,
5393,2686.0266,,
5394,2755.7974,,
5395,5091.608,,
5396,1218.502,,
5397,2918.0215,,
5398,453.80237,,
5399,1352.3916,,
5400,2886.9683,,
5401,2712.6133,,
5402,1377.0408,,
5403,1647.5566,,
5404,1042.3483,,
5405,2700.2075,,
5406,3244.4229,,
5407,2523.417,,
5408,2391.4841,,
5409,1815.5255,,
5410,4121.336,,
5411,3320.667,,
5412,3057.1267,,
5413,308.2652,,
5414,1784.7572,,
5415,1491.1736,,
5416,555.1765,,
5417,2587.2996,,
5418,4843.173,,
5419,1031.5558,,
5420,2475.6736,,
5421,2370.8347,,
5422,1456.2477,,
5423,308.76218,,
5424,2099.046,,
5425,2875.1758,,
5426,4212.557,,
5427,288.38602,,
5428,3005.889,,
5429,1823.4241,,
5430,2888.9714,,
5431,7970.732,,
5432,2011.3911,,
5433,3977.8992,,
5434,1305.1324,,
5435,428.12546,,
5436,2463.6257,,
5437,3490.529,,
5438,2413.2957,,
5439,1137.1014,,
5440,600.2464,,
5441,3930.682,,
5442,626.1781,,
5443,2966.9036,,
5444,194.29004,,
5445,711.3372,,
5446,962.7182,,
5447,2777.1646,,
5448,3217.876,,
5449,2956.8784,,
5450,49.610954,,
5451,2583.95,,
5452,3355.0764,,
5453,2519.5757,,
5454,4177.888,,
5455,-21.047575,,
5456,3686.9138,,
5457,4029.7349,,
5458,314.34485,,
5459,5565.6953,,
5460,2893.5994,,
5461,1555.2692,,
5462,580.9489,,
5463,2265.0442,,
5464,2221.0361,,
5465,267.62744,,
5466,526.2642,,
5467,2848.238,,
5468,2897.2456,,
5469,173.36269,,
5470,3218.3247,,
5471,4010.283,,
5472,523.1499,,
5473,1241.001,,
5474,4053.0173,,
5475,218.9187,,
5476,1575.3589,,
5477,4131.2246,,
5478,207.4299,,
5479,2439.6094,,
5480,2094.746,,
5481,5074.734,,
5482,379.2225,,
5483,3299.0208,,
5484,1006.13104,,
5485,3122.7036,,
5486,2605.0164,,
5487,141.24792,,
5488,3115.691,,
5489,1825.3435,,
5490,185.10112,,
5491,3118.2485,,
5492,1602.6731,,
5493,537.10645,,
5494,1396.9786,,
5495,2444.0002,,
5496,3822.6,,
5497,2014.7646,,
5498,2776.6038,,
5499,419.33304,,
5500,4541.0537,,
5501,1775.1757,,
5502,2145.105,,
5503,1353.7006,,
5504,2467.0898,,
5505,1749.2068,,
5506,4806.24,,
5507,3095.5034,,
5508,1449.6246,,
5509,2743.325,,
5510,1642.342,,
5511,1892.3896,,
5512,2564.1433,,
5513,2225.3992,,
5514,100.995056,,
5515,2842.5718,,
5516,1630.5682,,
5517,2673.3293,,
5518,731.4302,,
5519,4815.779,,
5520,1776.5767,,
5521,1279.6118,,
5522,740.38965,,
5523,4781.028,,
5524,667.11115,,
5525,1561.3698,,
5526,2841.1194,,
5527,2043.2194,,
5528,3378.3274,,
5529,1327.3799,,
5530,2296.5535,,
5531,2327.5278,,
5532,2720.9338,,
5533,4115.283,,
5534,2820.7932,,
5535,1735.3988,,
5536,1732.5768,,
5537,2524.8672,,
5538,1611.5852,,
5539,1331.8503,,
5540,652.2478,,
5541,4610.625,,
5542,3163.0642,,
5543,2846.6216,,
5544,2309.439,,
5545,901.1287,,
5546,316.58737,,
5547,1369.1454,,
5548,3178.7234,,
5549,1319.4148,,
5550,2729.7554,,
5551,130.73569,,
5552,1565.8778,,
5553,2029.0634,,
5554,3398.0151,,
5555,1155.7063,,
5556,1015.3629,,
5557,1320.1582,,
5558,2147.6877,,
5559,2455.0498,,
5560,770.51483,,
5561,2605.3254,,
5562,1671.1553,,
5563,5022.077,,
5564,2280.024,,
5565,2152.9731,,
5566,3641.6416,,
5567,2996.0854,,
5568,1412.9205,,
5569,1229.666,,
5570,2085.4707,,
5571,2571.4248,,
5572,-296.71118,,
5573,1890.1783,,
5574,3584.459,,
5575,575.8203,,
5576,3056.409,,
5577,2302.8147,,
5578,577.0535,,
5579,1197.2781,,
5580,435.5525,,
5581,2362.259,,
5582,2050.3738,,
5583,248.2574,,
5584,465.08078,,
5585,1823.8237,,
5586,3346.8794,,
5587,882.7939,,
5588,4192.7456,,
5589,2378.8555,,
5590,3280.502,,
5591,2427.5002,,
5592,1960.566,,
5593,3662.4756,,
5594,2632.8982,,
5595,5151.6616,,
5596,861.7946,,
5597,1503.9154,,
5598,2514.1726,,
5599,849.8546,,
5600,291.38773,,
5601,3649.7964,,
5602,2235.0303,,
5603,3213.5835,,
5604,2492.2893,,
5605,2475.3384,,
5606,2390.2065,,
5607,2511.6562,,
5608,3874.1853,,
5609,6445.0913,,
5610,3564.4329,,
5611,2842.5752,,
5612,442.0823,,
5613,4003.2288,,
5614,3283.1104,,
5615,9653.825,,
5616,2394.571,,
5617,1513.7521,,
5618,922.46326,,
5619,2447.3972,,
5620,5380.062,,
5621,1501.051,,
5622,3321.551,,
5623,2699.908,,
5624,3261.6155,,
5625,3450.2234,,
5626,3527.0085,,
5627,5063.341,,
5628,1630.9321,,
5629,1192.7677,,
5630,2679.1091,,
5631,2613.2734,,
5632,3038.4402,,
5633,2925.5989,,
5634,3031.0435,,
5635,2888.457,,
5636,1141.831,,
5637,2708.763,,
5638,1687.2175,,
5639,1678.7507,,
5640,1527.5791,,
5641,736.0431,,
5642,2439.6855,,
5643,-212.11847,,
5644,3206.1846,,
5645,842.9842,,
5646,2964.8533,,
5647,629.55774,,
5648,5104.8784,,
5649,1205.6274,,
5650,539.8699,,
5651,3338.9695,,
5652,1890.2245,,
5653,1424.8501,,
5654,2516.7207,,
5655,4103.505,,
5656,6559.3374,,
5657,5066.795,,
5658,2523.8518,,
5659,4722.3267,,
5660,2910.8184,,
5661,4821.358,,
5662,3339.427,,
5663,1064.4202,,
5664,2649.0806,,
5665,1150.9312,,
5666,2533.5105,,
5667,1302.317,,
5668,374.84348,,
5669,5148.46,,
5670,4336.3936,,
5671,751.2408,,
5672,4464.134,,
5673,1410.0193,,
5674,689.8093,,
5675,1074.3339,,
5676,2190.2551,,
5677,2644.6245,,
5678,1711.7845,,
5679,4986.8574,,
5680,1674.9323,,
